FeatureID,FeatureName,astrocyte Average,astrocyte Log2 Fold Change,astrocyte P-Value
ENSMUSG00000019232,Etnppl,1.2721378887263777,7.219647238625772,0
ENSMUSG00000105352,C030018K13Rik,1.0487726544125724,7.426436464535184,0
ENSMUSG00000110843,Gm35552,1.4060782408722223,7.335107046677688,0
ENSMUSG00000020734,Grin2c,1.7814066835397322,7.12765349358095,0
ENSMUSG00000038094,Atp13a4,1.6701180085950231,7.188370064143726,0
ENSMUSG00000086600,C030005K06Rik,1.1786750988834318,7.304690006297886,0
ENSMUSG00000021318,Gli3,3.5834953332196315,6.925804667892425,1.1410696691803233e-300
ENSMUSG00000024411,Aqp4,3.674692955342464,6.929648894366504,3.316823432118268e-297
ENSMUSG00000036949,Slc39a12,4.278409395529248,6.882562666323799,4.5981745287419586e-296
ENSMUSG00000030495,Slc7a10,2.8494825063497937,6.835742034397662,3.3735542484957185e-290
ENSMUSG00000026697,Myoc,3.6449503183218424,7.021046542819077,7.76719095729309e-286
ENSMUSG00000035104,Eva1a,1.4617225783445769,6.803658441904419,1.1018645114096307e-284
ENSMUSG00000048402,Gli2,1.5176623724760765,6.783482415399936,1.757984134024187e-282
ENSMUSG00000054252,Fgfr3,2.0913407189830946,6.715080587990706,1.0915923709975878e-276
ENSMUSG00000039410,Prdm16,1.8699451957302573,6.6518990311713315,7.371458662143754e-269
ENSMUSG00000032281,Acsbg1,2.612920207927501,6.637376311346026,9.505608929835068e-269
ENSMUSG00000050953,Gja1,4.904383570704975,6.615484317468594,1.4751666753712977e-267
ENSMUSG00000005360,Slc1a3,15.503300304222359,6.590311997259944,4.831862525425278e-266
ENSMUSG00000027168,Pax6,1.4998364873743135,6.5285042631166625,1.7690916045930045e-255
ENSMUSG00000020932,Gfap,1.827596407919439,6.620842240062134,2.2703197960509266e-254
ENSMUSG00000045608,Dbx2,1.7072470620942757,6.498382593778317,7.140934744776906e-253
ENSMUSG00000031639,Tlr3,1.16262195373654,6.485100757569773,7.52596392704646e-250
ENSMUSG00000017009,Sdc4,2.060810197538086,6.462444963149761,1.5887261633318326e-249
ENSMUSG00000050288,Fzd2,1.24466041942587,6.456063462234332,3.1606194457343245e-247
ENSMUSG00000028517,Plpp3,13.75518173761299,6.3989599385988605,7.794821515603893e-246
ENSMUSG00000000202,Btbd17,2.0581510876057787,6.4192482176549674,3.901003946618715e-245
ENSMUSG00000014361,Mertk,9.526507546373193,6.376432892792412,4.512145114675764e-243
ENSMUSG00000040055,Gjb6,2.2719632232738878,6.370749747680023,9.889635320726081e-241
ENSMUSG00000045092,S1pr1,4.87365607815387,6.329067997954991,1.1252935381686279e-237
ENSMUSG00000007682,Dio2,1.300206271345176,6.333592451045057,5.551300807817633e-234
ENSMUSG00000034853,Acot11,1.065318227324706,6.290508632157987,9.451596833477715e-230
ENSMUSG00000026424,Gpr37l1,5.381447589671497,6.243033088664163,3.2583359155198504e-229
ENSMUSG00000030605,Mfge8,3.31078883682857,6.251913618099132,3.33009983671913e-229
ENSMUSG00000043496,Tril,1.0931896388374076,6.272134801069585,1.6563676307414155e-228
ENSMUSG00000028128,F3,5.8137991675540395,6.233760673089378,2.029118993369264e-228
ENSMUSG00000051262,Nat8f3,1.1928570185224037,6.259458500251012,4.1126917684631236e-226
ENSMUSG00000010064,Slc38a3,1.0731970715685792,6.239638629219906,2.0697525151787556e-225
ENSMUSG00000048148,Nwd1,3.090772111318411,6.199422496061159,3.076864833303021e-224
ENSMUSG00000097157,Gm26512,2.4590857740658763,6.175750154477832,4.795778771345204e-221
ENSMUSG00000030235,Slco1c1,4.125067389432866,6.156160017809485,1.5629791931217194e-219
ENSMUSG00000035805,Mlc1,1.4063736975313674,6.130410830881273,4.500746167069063e-215
ENSMUSG00000048960,Prex2,13.457065968535439,6.088955162492973,1.1900444884024425e-214
ENSMUSG00000020591,Ntsr2,5.093771289217077,6.068308572303963,3.331712198024032e-212
ENSMUSG00000015224,Cyp2j9,1.1677432024950578,6.097208726286555,4.209588475097837e-212
ENSMUSG00000021379,Id4,2.5117755449467785,6.036303747749254,1.3955498666234084e-207
ENSMUSG00000061740,Cyp2d22,1.2244708810509448,6.02331468378981,3.0959180421834274e-205
ENSMUSG00000110080,Gm6145,5.238742023304344,5.994066475164454,4.419291970238297e-205
ENSMUSG00000024827,Gldc,1.2240769388387511,5.981465313096939,5.084590200964327e-201
ENSMUSG00000004328,Hif3a,1.8471950329760733,5.971222835424015,5.4280722009856845e-201
ENSMUSG00000023913,Pla2g7,6.30593147613697,5.947076861940834,1.0088154809984692e-200
ENSMUSG00000021750,Fam107a,2.1926823530699138,5.909320405508987,6.99997512200671e-196
ENSMUSG00000019437,Tlcd1,1.2286072742789782,5.92560270272986,7.697328698932424e-196
ENSMUSG00000042613,Pbxip1,1.0726061582502888,5.922982026499167,2.7773884562936325e-195
ENSMUSG00000001700,Gramd3,1.7003530733808865,5.900258347952165,5.6426742559480086e-195
ENSMUSG00000052397,Ezr,1.4122828307142723,5.90038340629116,7.439912936371234e-194
ENSMUSG00000022112,Gpc5,58.344220423623774,5.855524527344484,8.607853005391189e-193
ENSMUSG00000047216,Cdh19,4.291803430743832,5.823967437051743,2.789178393835448e-189
ENSMUSG00000093497,Gm20713,10.031344491299368,5.771742703781385,1.4715193750453527e-184
ENSMUSG00000036885,Arhgef26,2.624836959846359,5.7751182541222885,2.6380260978276273e-184
ENSMUSG00000022899,Slc15a2,1.3927826912106862,5.771903495262574,8.507962242991782e-183
ENSMUSG00000006205,Htra1,7.568023838452409,5.699189005859888,1.0858737330080061e-178
ENSMUSG00000020961,Ston2,1.1125912927879453,5.716149031858503,2.4613908166329606e-177
ENSMUSG00000039835,Nhsl1,3.263318800259234,5.661843070514214,2.0515612556933713e-174
ENSMUSG00000022469,Rapgef3,1.6062008846666018,5.633617700356785,2.933278964664259e-171
ENSMUSG00000007097,Atp1a2,14.95384940376525,5.502080702920343,9.86318066496318e-162
ENSMUSG00000032702,Kank1,2.0312645316235614,5.494182444903432,1.041001643449122e-159
ENSMUSG00000040624,Plekhg1,3.703647707938698,5.477197185972786,3.4486386652828484e-159
ENSMUSG00000047361,Gm973,1.417207108366693,5.448178364018787,3.404608248648547e-155
ENSMUSG00000046240,Hepacam,4.187310258959465,5.365157354976869,1.663449158889098e-150
ENSMUSG00000002985,Apoe,54.63426964028998,5.343269755707509,7.7663645630681965e-149
ENSMUSG00000052188,Gm14964,1.6976939634485793,5.357107486599202,1.2323925252544948e-147
ENSMUSG00000024985,Tcf7l2,2.033726670449772,5.304041568072446,1.9341904065375552e-144
ENSMUSG00000026173,Plcd4,1.50377590949625,5.2994884103792215,1.1366850595871738e-143
ENSMUSG00000007872,Id3,3.100325209964107,5.298985649208311,6.00108357744036e-143
ENSMUSG00000050103,Agmo,1.9748323097268194,5.25761299747829,1.2916299187784368e-140
ENSMUSG00000004892,Bcan,5.0470891370721285,5.234095165965509,3.595309767009377e-140
ENSMUSG00000022122,Ednrb,1.3134033354536636,5.249141345507954,1.767742840351105e-139
ENSMUSG00000027737,Slc7a11,2.3988126156002463,5.2932823763754655,7.111610333249197e-139
ENSMUSG00000022132,Cldn10,2.7004738645875417,5.191443845515359,3.747287956492155e-136
ENSMUSG00000020844,Nxn,1.9138697523898505,5.192811902099836,1.3547154950161914e-135
ENSMUSG00000052942,Glis3,3.053150630053916,5.175065998284273,4.58826255829568e-135
ENSMUSG00000025911,Adhfe1,1.2402285695386912,5.174900586979575,3.243132574655704e-134
ENSMUSG00000024593,Megf10,1.321577636356682,5.162550206328083,2.1283174590208268e-133
ENSMUSG00000040260,Daam2,3.241750464141631,5.143437265604641,6.348250116569199e-133
ENSMUSG00000004902,Slc25a18,1.054878758701574,5.152385898841063,8.85805574161258e-132
ENSMUSG00000028273,Pdlim5,1.8473920040821703,5.1260859231829485,5.810353175909781e-131
ENSMUSG00000068748,Ptprz1,13.621930784338485,5.1018301957961345,1.8872316168747666e-130
ENSMUSG00000020021,Fgd6,1.4370027045294247,5.082749940590624,9.166993671593847e-128
ENSMUSG00000097881,Celrr,1.4082449230392873,5.076994604186461,3.2328775058430514e-127
ENSMUSG00000001260,Gabrg1,1.0618712329680116,5.051988125348683,9.400944895198807e-125
ENSMUSG00000017724,Etv4,1.0864926212301154,5.04209209877931,2.6860400291844047e-124
ENSMUSG00000026614,Slc30a10,1.2177738634436526,5.01319509114325,4.3467197198791785e-122
ENSMUSG00000031762,Mt2,2.2605388991202715,4.987973451737714,3.0019101624041347e-121
ENSMUSG00000000567,Sox9,1.490972787599956,4.97928735199421,4.0281301089190385e-120
ENSMUSG00000020614,Fam20a,2.406592974291071,4.9626830716943235,1.3118097697517236e-119
ENSMUSG00000019899,Lama2,4.431062002754292,4.907584277301502,1.5957117262599237e-116
ENSMUSG00000025537,Phkg1,3.091756966848895,4.891180831320078,4.117746395518987e-115
ENSMUSG00000044033,Ccdc141,1.783770336812894,4.908236958859774,5.04199744704711e-115
ENSMUSG00000060477,Irak2,2.4455932532982434,4.887657014961082,1.138091755519035e-114
ENSMUSG00000032038,St3gal4,2.4875480988968683,4.8781354488974396,3.425495500225406e-114
ENSMUSG00000039217,Il18,2.3763579095052076,4.8723670591422295,6.2668479931249386e-114
ENSMUSG00000028028,Alpk1,1.1376066232622428,4.876258903559329,5.72581777458622e-113
ENSMUSG00000024420,Zfp521,1.3580172909845958,4.824153500936664,5.743609855006792e-110
ENSMUSG00000024620,Pdgfrb,1.0667955106204323,4.846351133443479,8.074109182322105e-109
ENSMUSG00000031610,Scrg1,1.0297649426742281,4.8140790831425875,9.029402393146122e-109
ENSMUSG00000052062,Pard3b,2.2987512937030568,4.7956993347467245,1.5199742708847012e-108
ENSMUSG00000026473,Glul,9.435605380909504,4.779130530163785,2.4624066054580066e-108
ENSMUSG00000021127,Zfp36l1,1.051530249897928,4.792902873956844,1.7268047718807445e-107
ENSMUSG00000086020,Gm12239,1.2089101636692952,4.806201575674402,6.06934595378982e-107
ENSMUSG00000048001,Hes5,1.6741559162700081,4.783973740662087,1.3597181246930066e-106
ENSMUSG00000020263,Appl2,4.124279505008479,4.719794016093111,3.380298653060093e-104
ENSMUSG00000064036,Mro,1.2415088817283206,4.717593977422617,3.668174925898673e-103
ENSMUSG00000022037,Clu,15.507436697450391,4.68224421486654,6.342112727040989e-102
ENSMUSG00000053398,Phgdh,1.1479476063323264,4.671325251159139,5.351928419706895e-100
ENSMUSG00000025351,Cd63,2.892225236372806,4.651468500747749,9.933913308652564e-100
ENSMUSG00000020037,Rfx4,1.7204441262027632,4.632576364636228,3.7434739621492254e-98
ENSMUSG00000030307,Slc6a11,1.8659072880552723,4.569529153511739,1.7805401897714024e-94
ENSMUSG00000021097,Clmn,3.758504160986665,4.554033737160376,6.610006686474023e-94
ENSMUSG00000056870,Gulp1,1.009082976534061,4.577031413511728,1.0412788861523665e-93
ENSMUSG00000031925,Maml2,5.337720004118001,4.5346866110689765,6.603712322076178e-93
ENSMUSG00000025932,Eya1,1.6647013031773603,4.545036026911334,9.360623162850709e-93
ENSMUSG00000048747,E130114P18Rik,1.4562073873738655,4.543673849294698,1.5096208154107212e-92
ENSMUSG00000004558,Ndrg2,4.085574682660452,4.519980409752229,7.128756163305989e-92
ENSMUSG00000015766,Eps8,1.818141794826791,4.507333892489193,1.331492147322479e-90
ENSMUSG00000017390,Aldoc,6.346015096227675,4.493710490658292,1.7067456439723947e-90
ENSMUSG00000058135,Gstm1,1.8132175171743703,4.502265477576039,2.715204569724388e-90
ENSMUSG00000034055,Phka1,3.213977538181978,4.463245177567998,1.258350489615541e-88
ENSMUSG00000025931,Paqr8,4.168105576115024,4.453079488637811,3.515502626454159e-88
ENSMUSG00000049690,Nckap5,4.30253835602611,4.431951485980904,8.439709406388187e-87
ENSMUSG00000031565,Fgfr1,1.8896423063399403,4.432864019927965,1.4627824183453637e-86
ENSMUSG00000113029,Gm40578,1.455616474055575,4.3973172002021155,2.1156199512235966e-84
ENSMUSG00000025283,Sat1,5.79075354814071,4.380991412398846,3.3860956147600703e-84
ENSMUSG00000030088,Aldh1l1,1.3467899379370765,4.394081860342594,3.687243530399982e-84
ENSMUSG00000021221,Dpf3,1.2957744214579974,4.37869408192905,2.2034684881863672e-83
ENSMUSG00000074637,Sox2,1.1916751918858226,4.3797593587139305,2.3583205346203387e-83
ENSMUSG00000097520,4930488L21Rik,2.61420052011713,4.369285195366363,3.238866482167034e-83
ENSMUSG00000041329,Atp1b2,2.9198011912263624,4.358461036551837,8.752814299725351e-83
ENSMUSG00000035615,Frmpd1,1.6698225519358778,4.365672841295028,1.1293061995069275e-82
ENSMUSG00000025666,Tmem47,3.6178667912335283,4.345442024492295,5.660282853789013e-82
ENSMUSG00000070509,Rgma,1.551935344936925,4.3414581012543865,1.4560139514160085e-81
ENSMUSG00000026421,Csrp1,2.4512069298220034,4.311851575290077,3.354710039667846e-80
ENSMUSG00000031765,Mt1,10.242497517035169,4.304637324311977,3.6928159498655746e-80
ENSMUSG00000015305,Sash1,3.56557096256482,4.278980168984708,1.2024718008886656e-78
ENSMUSG00000027447,Cst3,37.679784711899224,4.271929031077143,1.9822575866007494e-78
ENSMUSG00000087413,Gm11266,1.3239412896298441,4.280276412700486,4.5395194804970995e-78
ENSMUSG00000022708,Zbtb20,19.228220891619515,4.245466036054059,3.2472907259373404e-77
ENSMUSG00000039533,Mmd2,2.80870948738775,4.242144649578326,1.152486731642512e-76
ENSMUSG00000030287,Itpr2,1.7546186131105632,4.239032546249719,3.703289878886686e-76
ENSMUSG00000015243,Abca1,1.394850887824703,4.198055239766194,5.08637554876513e-74
ENSMUSG00000026510,Trp53bp2,1.3387141225871064,4.185463745177134,2.2197776550065942e-73
ENSMUSG00000053279,Aldh1a1,1.7024212699949033,4.183822740673824,3.0784421503973466e-73
ENSMUSG00000052430,Bmpr1b,3.6869051639204673,4.174649063670884,3.24746992799708e-73
ENSMUSG00000022272,Myo10,2.4530781553299232,4.150675442216157,6.038491677654467e-72
ENSMUSG00000027253,Lrp4,1.287107692789737,4.148742288221888,2.1772613781834428e-71
ENSMUSG00000026701,Prdx6,7.060724754700023,4.130940781534967,2.8812306830935254e-71
ENSMUSG00000040759,Cmtm5,1.1457809241652612,4.144333342924251,4.054206617679816e-71
ENSMUSG00000054226,Tprkb,2.8128458806157832,4.128943785641648,7.44850751052862e-71
ENSMUSG00000005089,Slc1a2,52.99379578316253,4.107709368640219,2.650976352841586e-70
ENSMUSG00000036833,Pnpla7,2.0267341961833343,4.117452582617286,3.190302743419576e-70
ENSMUSG00000055137,Sugct,1.0134163408681913,4.127802303253648,4.251824279475866e-70
ENSMUSG00000058325,Dock1,2.82860356910353,4.1090704484805665,4.6195319197088514e-70
ENSMUSG00000024347,Psd2,1.254410489177663,4.081553526793064,2.834794297982838e-68
ENSMUSG00000112117,Rmst,5.178271893732617,4.0677108416867,5.018026692303346e-68
ENSMUSG00000020122,Egfr,2.3815776438167737,4.070833251912252,7.626611266290376e-68
ENSMUSG00000063297,Luzp2,21.866550372233505,4.034504154637702,1.316113643162353e-66
ENSMUSG00000064373,Selenop,1.3924872345515409,4.005017733403078,1.0912004131638607e-64
ENSMUSG00000044167,Foxo1,1.2459407316154993,4.000814687475964,1.6529295669882798e-64
ENSMUSG00000002459,Rgs20,7.2920673188107505,3.958903579412357,4.0040066016470905e-63
ENSMUSG00000028015,Ctso,1.4424194099470875,3.9598696459971676,8.34945685496176e-63
ENSMUSG00000023951,Vegfa,2.020825063000429,3.9548543551311752,1.0664092191997706e-62
ENSMUSG00000031431,Tsc22d3,1.4816166600603566,3.9433216051768967,5.790751629000249e-62
ENSMUSG00000032883,Acsl3,10.39968045970044,3.9270135407463727,8.124397587683114e-62
ENSMUSG00000075012,Fjx1,3.787852855795093,3.8986621091642553,2.359915331612363e-60
ENSMUSG00000033350,Chst2,1.6794741361346226,3.8964242486067002,5.848489641751241e-60
ENSMUSG00000024665,Fads2,1.843255610854137,3.84134692814437,9.506419774563299e-58
ENSMUSG00000021794,Glud1,5.822367410669251,3.8341814841787762,9.838255085051892e-58
ENSMUSG00000050447,Lypd6,1.0454241456089262,3.8487234229092855,1.1403132332250378e-57
ENSMUSG00000063458,Lrmda,2.1997733128893993,3.8335005885171216,4.223536346282953e-57
ENSMUSG00000062151,Unc13c,4.062332092141026,3.813146217524144,1.6546377255044795e-56
ENSMUSG00000024654,Asrgl1,2.6650190654901125,3.805959319093443,2.3431121508178593e-56
ENSMUSG00000060961,Slc4a4,10.231073192881553,3.7704401560663836,4.272443120034449e-55
ENSMUSG00000031604,Msmo1,4.35227356031556,3.7642387185675243,8.840782957930963e-55
ENSMUSG00000008734,Gprc5b,1.2594332523831322,3.7601842079242527,3.3256917253943914e-54
ENSMUSG00000021417,Eci2,1.0147951386108691,3.7363151957276526,3.8171298227100523e-53
ENSMUSG00000034165,Ccnd3,1.3878584135582654,3.736025697977015,7.065738106280409e-53
ENSMUSG00000029309,Sparcl1,19.45651040358574,3.7106324074820902,1.0624401724974797e-52
ENSMUSG00000002688,Prkd1,3.9595131747584804,3.7023045769099494,3.073811605559407e-52
ENSMUSG00000017561,Crlf3,2.3602062788052676,3.681290935102168,2.375115775021642e-51
ENSMUSG00000024978,Gpam,2.137234986703656,3.679112163079279,2.966779097272055e-51
ENSMUSG00000027574,Nkain4,1.0290755438028893,3.6891138926119837,3.0951727292887675e-51
ENSMUSG00000027452,Acss1,1.5525262582552155,3.6792011689960518,3.8129396171838925e-51
ENSMUSG00000021340,Gpld1,1.4348360223623595,3.6685774320039712,1.0784095072868498e-50
ENSMUSG00000036570,Fxyd1,1.4853591110761963,3.667827276956153,1.7089295584270416e-50
ENSMUSG00000031808,Slc27a1,2.2712738244025488,3.634929810909923,1.3630679132820314e-49
ENSMUSG00000039007,Cpq,1.9575973379433467,3.6303746345867056,2.588717749516709e-49
ENSMUSG00000069769,Msi2,12.349201982293817,3.6033287430640386,1.401061723531538e-48
ENSMUSG00000027111,Itga6,1.0284846304845987,3.6093775074653904,3.496144117827987e-48
ENSMUSG00000070315,4930581F22Rik,1.100182113103845,3.5919194905511853,1.119664892248579e-47
ENSMUSG00000115263,Gm5089,1.8816649765430187,3.572689384119553,3.4593245061708343e-47
ENSMUSG00000055639,Dach1,1.0842274535100018,3.576531385682248,7.235868611064942e-47
ENSMUSG00000040430,Pitpnc1,6.79619255921198,3.546629565148126,2.0069166381452017e-46
ENSMUSG00000021508,Cxcl14,1.905695451486832,3.540563678202862,9.804263917288596e-46
ENSMUSG00000028565,Nfia,9.317028775039212,3.511479894050445,3.1228322360172125e-45
ENSMUSG00000033763,Mtss2,1.708527374283905,3.5167936444158587,3.72830321422166e-45
ENSMUSG00000021010,Npas3,17.329813371058265,3.5052100145450344,5.930231737526768e-45
ENSMUSG00000034663,Bmp2k,1.4026312465155277,3.510363585774428,8.054326776785125e-45
ENSMUSG00000028194,Ddah1,1.3526990711199813,3.5081233209297245,9.93046360991961e-45
ENSMUSG00000028121,Bcar3,1.1642962081383632,3.500144597631483,3.1690691779117335e-44
ENSMUSG00000086155,9430041J12Rik,1.451086138615348,3.451337722457859,8.197821750847154e-43
ENSMUSG00000062078,Qk,13.323618044154836,3.4287667356148046,2.426081206847396e-42
ENSMUSG00000030029,Lrig1,1.2292966731503172,3.4202440523400486,9.911806535783507e-42
ENSMUSG00000029723,Tsc22d4,2.5459500318545785,3.408473949252203,1.5578028233099485e-41
ENSMUSG00000033577,Myo6,4.888231940005035,3.3951282159903977,3.443382800252488e-41
ENSMUSG00000039375,Wdr17,21.51761605778297,3.373087962221419,1.6829142757994388e-40
ENSMUSG00000016128,Stard13,1.3388126081401548,3.3807929287473564,2.318463602852207e-40
ENSMUSG00000029313,Aff1,1.470093850353692,3.372286506524703,3.516951735035617e-40
ENSMUSG00000026600,Soat1,1.5840416352307083,3.366837902037022,4.450860624525236e-40
ENSMUSG00000021782,Dlg5,1.3585097187498378,3.3153241288686024,2.399285129744875e-38
ENSMUSG00000035376,Hacd2,3.6266320054548373,3.2880314418654706,1.1352038638047373e-37
ENSMUSG00000003623,Crot,1.4795484634463398,3.280330714235387,2.6631497636648853e-37
ENSMUSG00000047045,Tmem164,2.4984799952852423,3.2534294508350845,1.4656370819485875e-36
ENSMUSG00000002475,Abhd3,1.2060540826308912,3.2574454154706918,1.5380647908387683e-36
ENSMUSG00000097156,Gm3764,10.625409347287407,3.2359233449030333,3.5841020144436e-36
ENSMUSG00000026249,Serpine2,2.8094973718121374,3.238723692575391,4.092489046310631e-36
ENSMUSG00000001891,Ugp2,2.056870775416149,3.229121136629993,8.018182328912763e-36
ENSMUSG00000033400,Agl,1.8459147207864441,3.189508091155883,1.1961150301740026e-34
ENSMUSG00000020611,Gna13,1.1804478388383033,3.1917266064405077,1.3393096811324159e-34
ENSMUSG00000021823,Vcl,3.0814159837788115,3.1667533596250523,4.865760020850182e-34
ENSMUSG00000001768,Rin2,1.0305528270986155,3.1603477235085298,1.3092022314539706e-33
ENSMUSG00000055320,Tead1,2.1447198887353354,3.133440387913702,4.9956476110353885e-33
ENSMUSG00000020023,Tmcc3,1.829270662321262,3.118455420253606,1.8185993876122342e-32
ENSMUSG00000118099,Gm31356,1.4136616284569503,3.0987713383771363,5.589612510312574e-32
ENSMUSG00000034640,Tiparp,2.0631738508112476,3.094335355252698,6.617160500532432e-32
ENSMUSG00000053861,Gm9925,2.0948861988928376,3.091546752302728,7.234614912181984e-32
ENSMUSG00000026185,Igfbp5,1.2315618408704307,3.0958767995555077,1.3706232130790429e-31
ENSMUSG00000030310,Slc6a1,3.4215850840080373,3.074568269386762,1.916270935878344e-31
ENSMUSG00000052387,Trpm3,14.803954392025563,3.0557544650622597,7.62129893341608e-31
ENSMUSG00000032067,Pts,1.1452884964000192,3.053567301528807,1.0572996533773483e-30
ENSMUSG00000047786,Lix1,1.8839301442631322,3.023153276957052,5.457623060744431e-30
ENSMUSG00000041556,Fbxo2,1.1075685295824762,3.007670989110773,2.0662208316321323e-29
ENSMUSG00000033721,Vav3,1.8369525354590384,2.9938823870837252,3.116226361191089e-29
ENSMUSG00000025545,Clybl,2.2151370591649524,2.9581849379755853,2.3134339877030484e-28
ENSMUSG00000026385,Dbi,1.891218075188715,2.9587053349080916,2.6305297140283742e-28
ENSMUSG00000004032,Gstm5,1.862263322592481,2.9515179483381004,3.798848163131245e-28
ENSMUSG00000021466,Ptch1,1.6546557767664218,2.9183610855587574,2.479070874010932e-27
ENSMUSG00000032181,Scg3,4.78039025941702,2.907720880769843,3.5834910717272854e-27
ENSMUSG00000033306,Lpp,2.4738586070231388,2.8940598386312013,8.915228155831124e-27
ENSMUSG00000050545,Fam228b,1.6804589916651067,2.879105704951366,2.1461713659559184e-26
ENSMUSG00000037784,Dzip1l,1.5957614160434697,2.864052172128045,5.0045031741804154e-26
ENSMUSG00000033720,Sfxn5,4.294167084016995,2.8590741070310046,5.372399331777166e-26
ENSMUSG00000071757,Zhx2,1.002484444479817,2.854534352191493,1.0130106113442939e-25
ENSMUSG00000033059,Pygb,2.333516693929147,2.82661253262557,3.4701147210619904e-25
ENSMUSG00000032482,Cspg5,8.11038377909003,2.8009783375017676,1.1781212411660896e-24
ENSMUSG00000037852,Cpe,14.108941844162898,2.797101034621427,1.3915715744501502e-24
ENSMUSG00000092274,Neat1,1.8323237144657627,2.794038963182102,3.514526979481851e-24
ENSMUSG00000020333,Acsl6,2.6518220013816247,2.775671316684547,4.8409360907178886e-24
ENSMUSG00000036565,Ttyh3,2.370251805216206,2.764976083581238,8.649546472274988e-24
ENSMUSG00000051910,Sox6,3.7021704246429716,2.751462601522848,1.9494246444741967e-23
ENSMUSG00000025203,Scd2,4.9329443810890155,2.7216854729277684,7.697496441520936e-23
ENSMUSG00000037706,Cd81,5.59506275423351,2.7199771030744087,7.756921040031729e-23
ENSMUSG00000028444,Cntfr,1.0436514056540547,2.7240178370833696,8.614416793912922e-23
ENSMUSG00000037697,Ddhd1,4.122211308394462,2.712499342686092,1.1100933145328326e-22
ENSMUSG00000037509,Arhgef4,2.0993180487800163,2.6928315625443755,3.2461680686993843e-22
ENSMUSG00000024302,Dtna,10.952873811173388,2.6641594770133024,1.1021737652223372e-21
ENSMUSG00000027562,Car2,1.5082077593834287,2.6707159544081023,1.4355327992050572e-21
ENSMUSG00000038679,Trps1,6.91673887614324,2.6554331325099003,1.72464967558656e-21
ENSMUSG00000055737,Ghr,1.9954157903139382,2.655466120033344,2.0292607057682227e-21
ENSMUSG00000031760,Mt3,6.173172950627706,2.6134301913960916,1.264421479714542e-20
ENSMUSG00000042680,Garem1,2.225576527788084,2.599994239010909,2.5625834250473965e-20
ENSMUSG00000040957,Cables1,1.3648127941449364,2.597711147037165,3.1706139062694385e-20
ENSMUSG00000027332,Ivd,1.8884604797033593,2.5937009183762987,3.3413852635839323e-20
ENSMUSG00000039701,Usp53,2.346221330272393,2.574381532443088,8.10327027787471e-20
ENSMUSG00000031467,Agpat5,2.1457047442658195,2.5641270437729524,1.2729944888549097e-19
ENSMUSG00000026827,Gpd2,1.0003177623127522,2.538899596566787,4.673645372968387e-19
ENSMUSG00000097063,Pantr2,1.1678416880481062,2.534279550413709,5.126920248105133e-19
ENSMUSG00000025059,Gk,1.1802508677322066,2.5312103868356814,5.983574009808105e-19
ENSMUSG00000095930,Nim1k,1.9988627846706326,2.5236004624446764,7.502802401450513e-19
ENSMUSG00000037712,Fermt2,2.8914373519484187,2.5170651467320493,9.524796959704723e-19
ENSMUSG00000036402,Gng12,1.578526444259997,2.503956190252641,1.8823923757732452e-18
ENSMUSG00000025026,Add3,2.519063475872361,2.4956489163202784,2.4154304173323403e-18
ENSMUSG00000039197,Adk,5.015967702308829,2.452534407356452,1.3559953214887966e-17
ENSMUSG00000034235,Usp54,1.6267843652537204,2.4508286853155585,1.682768548410333e-17
ENSMUSG00000038143,Stox2,5.411190226692119,2.4464485762974317,1.7470425320805698e-17
ENSMUSG00000021792,Prxl2a,1.728913883764927,2.4302219755057353,3.760737824012488e-17
ENSMUSG00000035133,Arhgap5,5.87466323933796,2.4248786209406985,4.14622788227365e-17
ENSMUSG00000028691,Prdx1,1.9048090815093963,2.4234690412228077,4.9566375270187414e-17
ENSMUSG00000024104,Washc2,1.1908873074614352,2.4095930224322393,9.13400187209868e-17
ENSMUSG00000029838,Ptn,11.777493346847766,2.402162522533914,1.0361806628262091e-16
ENSMUSG00000029636,Wasf3,2.9177329946123454,2.401531802038096,1.081322352554913e-16
ENSMUSG00000036585,Fgf1,1.4332602535135848,2.398125537335253,1.4136728142183576e-16
ENSMUSG00000112437,Gm35188,7.644842569830173,2.393653529139092,1.42275010816843e-16
ENSMUSG00000067567,Hdac8,5.91445140276952,2.3855767906077823,1.9398025809855134e-16
ENSMUSG00000039960,Rhou,2.32465299415479,2.3880635445916596,1.9528235769392482e-16
ENSMUSG00000019856,Fam184a,2.556783442689904,2.3847405058218554,2.119439237858553e-16
ENSMUSG00000058254,Tspan7,15.315291383452934,2.3813902521462174,2.2132668125600806e-16
ENSMUSG00000036192,Rorb,11.040427467833428,2.3747793161709376,3.026517540476858e-16
ENSMUSG00000030428,Ttyh1,5.753329037982313,2.359270647882207,5.339009720071205e-16
ENSMUSG00000027210,Meis2,3.731716090557496,2.3508510931272752,7.789418519156155e-16
ENSMUSG00000050840,Cdh20,3.2644021413427664,2.339289883756696,1.2417569330854962e-15
ENSMUSG00000085568,Gm14858,1.3114336243926954,2.3345196326334046,1.5411289610361268e-15
ENSMUSG00000033998,Kcnk1,2.4109263386252016,2.330689739029349,1.6470005570413141e-15
ENSMUSG00000027533,Fabp5,1.4211465304886297,2.3333195767555965,1.6853450062808762e-15
ENSMUSG00000024222,Fkbp5,1.7735278392958589,2.329788084162696,2.0374010389763936e-15
ENSMUSG00000059811,Atl2,1.2781455074623311,2.3230956358547603,2.3515215486457046e-15
ENSMUSG00000001521,Tulp3,1.390123581278379,2.311430488211108,3.59512590010627e-15
ENSMUSG00000071856,Mcc,2.544472748558852,2.3027566866615614,4.642339097383551e-15
ENSMUSG00000035877,Zhx3,1.8914150462948118,2.289763325354567,7.535251203836685e-15
ENSMUSG00000028552,Eps15,2.157621496184678,2.2865650842835983,8.338005239703634e-15
ENSMUSG00000003526,Prodh,1.4728514458390476,2.2703754763593507,1.5277210085545578e-14
ENSMUSG00000031748,Gnao1,7.357067783822704,2.2569534582263913,2.2194074169479918e-14
ENSMUSG00000042249,Grk3,2.315592323274336,2.25756595536783,2.3084009636631436e-14
ENSMUSG00000018378,Cuedc1,1.083341083532566,2.2525185014208473,3.010409144880106e-14
ENSMUSG00000022885,St6gal1,1.0977199742776347,2.2442711091889014,4.3581082197283936e-14
ENSMUSG00000061080,Lsamp,82.48834769565494,2.2286119581984547,5.804988174016887e-14
ENSMUSG00000059327,Eda,1.439464843355635,2.2324614920624986,6.107541899370474e-14
ENSMUSG00000090386,Mir99ahg,14.323837320914539,2.2163825415536644,8.800973870303501e-14
ENSMUSG00000038594,Cep85l,2.261622240203804,2.20653000986806,1.317421639946629e-13
ENSMUSG00000041961,Znrf3,2.054014694377745,2.1963856210111468,1.8580922949042362e-13
ENSMUSG00000027668,Mfn1,2.070363296183782,2.18416110396426,2.783039119495821e-13
ENSMUSG00000060548,Tnfrsf19,1.4168131661544996,2.181826858099308,3.145108584050912e-13
ENSMUSG00000036879,Phkb,2.4194945817404134,2.154255409498028,7.360508524455149e-13
ENSMUSG00000045515,Pou3f3,1.2674105821800539,2.155854105149472,7.481267241678928e-13
ENSMUSG00000057880,Abat,1.1589779882737488,2.1537023808466014,8.353918174175545e-13
ENSMUSG00000025555,Farp1,5.518637965067939,2.1470239229591757,8.888572719495438e-13
ENSMUSG00000020623,Map2k6,2.005559802277925,2.137695993957551,1.2729197417496707e-12
ENSMUSG00000020644,Id2,2.0160977564541054,2.113180757017354,2.7650836744848453e-12
ENSMUSG00000021957,Tkt,1.0726061582502888,2.1151416314406295,2.7680044308450994e-12
ENSMUSG00000022790,Igsf11,1.1826145210053685,2.105337933771205,3.802357832088081e-12
ENSMUSG00000033597,Caskin1,1.5384428241692922,2.0760165001302053,8.589006754609984e-12
ENSMUSG00000067786,Nnat,1.0341967925614068,2.0864053672239646,9.873098533471257e-12
ENSMUSG00000024238,Zeb1,4.158552477469327,2.0551413727314243,1.576143946807391e-11
ENSMUSG00000093930,Hmgcs1,1.3674719040772436,2.03971585269202,2.6300286250626374e-11
ENSMUSG00000034158,Lrrc58,1.873884617852194,2.0323230691953187,3.097532914606355e-11
ENSMUSG00000064289,Tank,1.0922047833069233,2.031445561886181,3.36560638657929e-11
ENSMUSG00000001270,Ckb,12.760576137377047,2.022120215820348,3.969531212254022e-11
ENSMUSG00000044340,Phlpp1,4.148408465505341,2.0216015036571116,4.244323094598915e-11
ENSMUSG00000019978,Epb41l2,1.2174784067845072,2.0110688219250488,6.777600135876464e-11
ENSMUSG00000018849,Wwc1,1.5929053350050657,2.0062696457920244,6.786252309138832e-11
ENSMUSG00000021796,Bmpr1a,2.3146074677438513,1.9998657117448722,7.73570735718832e-11
ENSMUSG00000020541,Tom1l1,1.1549400805987637,1.9791409955216128,1.464684782243402e-10
ENSMUSG00000052713,Zfp608,1.6507163546444854,1.9746720845386343,1.6210491312842367e-10
ENSMUSG00000032320,Rcn2,1.8823543754143577,1.9462486630586908,3.4749004071575026e-10
ENSMUSG00000020585,Laptm4a,1.8993923760917335,1.926834419602077,5.922218384795792e-10
ENSMUSG00000056515,Rab31,2.1655988259815993,1.92082895121783,7.264616548033209e-10
ENSMUSG00000029212,Gabrb1,16.874908601527636,1.9111664351778592,8.375694489914815e-10
ENSMUSG00000033209,Ttc28,1.1915767063327742,1.9077613608299986,1.0215488750498992e-09
ENSMUSG00000005514,Por,1.0610833485436242,1.9001801423406215,1.2266589677661112e-09
ENSMUSG00000026657,Frmd4a,18.569254056172568,1.8952198179471096,1.2772126066300954e-09
ENSMUSG00000027422,Rrbp1,1.4490179420013312,1.894799545484387,1.391550405047213e-09
ENSMUSG00000032076,Cadm1,10.830554754287256,1.8879842316765467,1.5284683805855612e-09
ENSMUSG00000061436,Hipk2,2.0536207521655516,1.885471376053521,1.713703092231202e-09
ENSMUSG00000015575,Atp6v0e,1.192955504075452,1.8715638575148885,2.5126529728755766e-09
ENSMUSG00000079037,Prnp,3.38662271267585,1.86401024198359,2.880097495309676e-09
ENSMUSG00000020044,Timp3,1.1699098846621228,1.8558541586169448,4.5359603283179515e-09
ENSMUSG00000022961,Son,13.210359658149159,1.8382350592042014,5.323597301280727e-09
ENSMUSG00000039959,Hip1,1.3626461119778712,1.840241654345053,5.508619676666249e-09
ENSMUSG00000031647,Mfap3l,1.1477506352262294,1.8283970387654689,7.275790302306843e-09
ENSMUSG00000052534,Pbx1,9.586386762626628,1.8220557721807915,7.94673792410409e-09
ENSMUSG00000028649,Macf1,13.162003251602387,1.8183990868866877,8.630458579211688e-09
ENSMUSG00000021273,Fdft1,1.2212208578003472,1.8208041159512613,8.738155875505286e-09
ENSMUSG00000074415,Mir100hg,9.326384902578813,1.813198208515236,9.829343117437454e-09
ENSMUSG00000041417,Pik3r1,2.8788312011582216,1.788612125315215,1.8081595890177327e-08
ENSMUSG00000039621,Prex1,1.1556294794701027,1.7848344182837788,2.083104147434214e-08
ENSMUSG00000027893,Ahcyl1,3.4464034433762376,1.7764509802643786,2.3793728891956554e-08
ENSMUSG00000027488,Snta1,1.1150534316141556,1.760050056774662,3.651799584788223e-08
ENSMUSG00000027605,Acss2,1.784459735684233,1.7585333796638496,3.683480843490354e-08
ENSMUSG00000111593,Gm48742,1.4613286361323832,1.7576021838485074,3.842199598995087e-08
ENSMUSG00000003974,Grm3,8.954109512055803,1.749714912261872,4.356974537139367e-08
ENSMUSG00000033174,Mgll,3.3025160503725033,1.7347975296199747,6.198828600771851e-08
ENSMUSG00000022105,Rb1,2.3304636417846463,1.7340070346241125,6.310101384410262e-08
ENSMUSG00000087259,2610035D17Rik,1.5159881180742536,1.7333943434234895,6.605996568003715e-08
ENSMUSG00000060002,Chpt1,1.651110296856679,1.728264571998781,7.282258344850304e-08
ENSMUSG00000027087,Itgav,1.440646669992216,1.7261925642663853,7.743416328598353e-08
ENSMUSG00000079038,D130040H23Rik,1.3602824587047093,1.7222748875056357,8.335391108430004e-08
ENSMUSG00000022987,Zfp641,1.0904320433520518,1.721647517996345,8.546827248431229e-08
ENSMUSG00000024558,Mapk4,3.8707776914618583,1.7172680233364512,9.069174927859041e-08
ENSMUSG00000030660,Pik3c2a,1.7688990183025834,1.7146783511570467,9.760801428134458e-08
ENSMUSG00000034135,Sik3,4.77418566957497,1.7128130468069869,9.928885329806676e-08
ENSMUSG00000059824,Dbp,1.0549772442546224,1.710835030363195,1.1077543723453392e-07
ENSMUSG00000037747,Phyhipl,2.279842067517761,1.70085469042514,1.3045649135723977e-07
ENSMUSG00000031137,Fgf13,3.1361739512737303,1.6992797722972468,1.4208185303387016e-07
ENSMUSG00000022136,Dnajc3,1.629049532973834,1.6863302283409385,1.8018774764014336e-07
ENSMUSG00000005683,Cs,1.0186360751797572,1.6824074963200262,2.0353693436316787e-07
ENSMUSG00000037458,Azin1,1.1283489812756917,1.6817686880040394,2.037160337370363e-07
ENSMUSG00000026565,Pou2f1,1.7594444052099356,1.6764722415428297,2.2084143405159315e-07
ENSMUSG00000019820,Utrn,1.9350441462952597,1.677026541551856,2.269984176925254e-07
ENSMUSG00000060424,Pantr1,1.9737489686432867,1.6668532561470997,2.727487872331529e-07
ENSMUSG00000057329,Bcl2,1.2915395426769154,1.665267534091742,2.870399820163079e-07
ENSMUSG00000030643,Rab30,1.5526247438082639,1.659859214963983,3.141914129108115e-07
ENSMUSG00000025137,Pcyt2,1.9249986198843214,1.6582874619873755,3.2306882487465434e-07
ENSMUSG00000027508,Pag1,1.0290755438028893,1.6628075886328144,3.274494629432318e-07
ENSMUSG00000022995,Enah,4.66545761900952,1.6506952736074294,3.6990019806739034e-07
ENSMUSG00000073481,Marc2,1.0146966530578208,1.6470386692077172,4.2078674139068456e-07
ENSMUSG00000031447,Lamp1,2.33519094833097,1.6404620756842179,4.6500017851317677e-07
ENSMUSG00000004980,Hnrnpa2b1,5.770465524212737,1.6355063682674769,5.022134260176084e-07
ENSMUSG00000021248,Tmed10,1.6562315456151966,1.635778017282493,5.15801372587806e-07
ENSMUSG00000002341,Ncan,1.1247050158129004,1.6339904085418686,5.463721505429576e-07
ENSMUSG00000026626,Ppp2r5a,1.406275211978319,1.6235934031618333,6.627592365822587e-07
ENSMUSG00000038127,Ccdc50,1.8199145347816625,1.6143224508364042,7.894165251171984e-07
ENSMUSG00000079564,Gm11149,1.324630688501183,1.6113620789178613,8.62686605125204e-07
ENSMUSG00000008348,Ubc,1.6419511404231764,1.605007284255038,9.63798370486142e-07
ENSMUSG00000022564,Grina,2.7094360499149475,1.5969880469221134,1.104763744444853e-06
ENSMUSG00000004360,9330159F19Rik,2.6082913869342255,1.5949247613064608,1.1495349702609564e-06
ENSMUSG00000036095,Dgkb,9.846881050439686,1.589289979617123,1.2708229981229788e-06
ENSMUSG00000032413,Rasa2,1.7375806124331874,1.5860786534803952,1.3788866551889396e-06
ENSMUSG00000075701,Selenos,1.2782439930153795,1.58555008729807,1.4255793926119042e-06
ENSMUSG00000016534,Lamp2,1.491662186471295,1.5790337108469725,1.5951665394898367e-06
ENSMUSG00000058835,Abi1,2.414176361875799,1.5779364184495384,1.6045731361524795e-06
ENSMUSG00000001467,Cyp51,1.078613776986242,1.5761552148640752,1.7175648599874689e-06
ENSMUSG00000021820,Camk2g,3.117658667300628,1.5723542014871066,1.7786468029670858e-06
ENSMUSG00000030527,Crtc3,1.431881455770907,1.5666089704386248,2.027172355085362e-06
ENSMUSG00000024642,Tle4,2.9986881192181425,1.5645610222598714,2.0898590518889855e-06
ENSMUSG00000075415,Fnbp1,3.3586528156100997,1.540412408442231,3.2975936454297842e-06
ENSMUSG00000097971,Gm26917,1.2751909408708786,1.5386461402355294,3.4724044872641886e-06
ENSMUSG00000001211,Agpat3,1.3968205988856712,1.535625360054834,3.6576408217399672e-06
ENSMUSG00000043259,Fam13c,1.8424677264297495,1.5265147186386938,4.2908252542316194e-06
ENSMUSG00000039519,Cyp7b1,1.168728058025542,1.5230575124370482,4.659047175150893e-06
ENSMUSG00000034858,Fam214a,1.3907144945966694,1.521708162512251,4.732397830875889e-06
ENSMUSG00000054477,Kcnn2,3.873535286947214,1.5202760093371197,4.767445018667174e-06
ENSMUSG00000029167,Ppargc1a,1.5218972512571585,1.5173384059732924,5.1262685790634665e-06
ENSMUSG00000113694,Gm48747,1.168038659154203,1.5122047601925865,5.663728585586633e-06
ENSMUSG00000031342,Gpm6b,11.563287268967464,1.5088295671598382,5.778495277520008e-06
ENSMUSG00000030246,Ldhb,2.8418006332120176,1.4944886060291276,7.605211149505359e-06
ENSMUSG00000022476,Polr3h,1.034689220326649,1.4944818219733549,7.773918470527137e-06
ENSMUSG00000036356,Csgalnact1,2.488434468874304,1.4924469979955564,7.866524990835027e-06
ENSMUSG00000053141,Ptprt,7.377946721068968,1.491365383809185,7.964021620622673e-06
ENSMUSG00000028173,Wls,1.3894341824070402,1.4873687827624562,8.814624091042046e-06
ENSMUSG00000037989,Wnk2,3.085650862559893,1.4826328386974827,9.305505304555964e-06
ENSMUSG00000060445,Sycp2,1.6617467365859078,1.4819704452160476,9.563495270932823e-06
ENSMUSG00000037287,Tbcel,1.0185375896267088,1.4809273602074564,9.85135174504551e-06
ENSMUSG00000022658,Tagln3,1.7232017216881188,1.4728918861511624,1.130326702296937e-05
ENSMUSG00000038481,Cdk19,1.4233132126556949,1.472443137930517,1.1522633692015346e-05
ENSMUSG00000025812,Pard3,1.3400929203297842,1.4670931419055413,1.253660309210667e-05
ENSMUSG00000027692,Tnik,9.303930196483774,1.4489169131393413,1.6505957215205464e-05
ENSMUSG00000066456,Hmgn3,2.1689473347852455,1.4319894507231559,2.2439185459001505e-05
ENSMUSG00000030849,Fgfr2,7.791093616107069,1.4307974238797798,2.253575861621064e-05
ENSMUSG00000007817,Zmiz1,1.1549400805987637,1.4326874691621136,2.2589127761881468e-05
ENSMUSG00000017631,Abr,3.189257664366826,1.430951387041804,2.2603007285817468e-05
ENSMUSG00000059495,Arhgef12,2.890846438630128,1.4146636883628823,2.956618782374048e-05
ENSMUSG00000032537,Ephb1,1.768111133878196,1.414495741667113,3.014917262218714e-05
ENSMUSG00000022788,Fgd4,1.2535241192002273,1.4094913910567746,3.27568435523806e-05
ENSMUSG00000024533,Spire1,4.258219857154323,1.406173325934145,3.380496190005667e-05
ENSMUSG00000021420,Fars2,2.267235916727564,1.405673410522912,3.435612905135594e-05
ENSMUSG00000053702,Nebl,5.705169602541638,1.4028236411431676,3.579951703168121e-05
ENSMUSG00000020658,Efr3b,2.1810610578102008,1.398652629765687,3.861557547173924e-05
ENSMUSG00000027525,Phactr3,3.147302818768201,1.3941638527260556,4.132931644715566e-05
ENSMUSG00000027200,Sema6d,3.4479792122250124,1.371542770880231,5.998705364703612e-05
ENSMUSG00000054556,Gm4876,1.090924471117294,1.3727796809122337,6.16508026077709e-05
ENSMUSG00000004207,Psap,2.4622373117634258,1.3638027574306544,6.752613290274375e-05
ENSMUSG00000028957,Per3,1.2141298979808612,1.3572410641651533,7.566442965728275e-05
ENSMUSG00000022957,Itsn1,2.2854557440415206,1.351987754487097,8.089498088670331e-05
ENSMUSG00000032238,Rora,20.427676442196162,1.3503915522804464,8.211983412088975e-05
ENSMUSG00000033713,Foxn3,2.4072823731624102,1.3370102319073243,0.00010253188952009213
ENSMUSG00000021615,Xrcc4,1.0086890343218673,1.3371745640980748,0.00010399843990166497
ENSMUSG00000034780,B3galt1,10.197489619292044,1.3324644934502605,0.0001080250055244084
ENSMUSG00000021824,Ap3m1,1.0135148264212397,1.3304282507908953,0.00011471841128622473
ENSMUSG00000021477,Ctsl,1.2814940162659771,1.3300765758098796,0.00011532764909666028
ENSMUSG00000030850,Ate1,1.36707796186505,1.3202342878535736,0.00013262664134475522
ENSMUSG00000060579,Fhit,2.100007447651355,1.3195586390549123,0.00013434928705078939
ENSMUSG00000044250,Pced1b,1.0222800406425487,1.312583707247449,0.00014985961578291773
ENSMUSG00000029093,Sorcs2,1.0033708144572528,1.3130416438066315,0.000150213069221259
ENSMUSG00000020647,Ncoa1,3.9372554397695385,1.2974350030903858,0.00018263241686354237
ENSMUSG00000058440,Nrf1,1.3390095792462515,1.282258464980122,0.00023031036525388555
ENSMUSG00000038056,Kmt2c,2.5715562756471666,1.2782546794878649,0.00024100609802959214
ENSMUSG00000026074,Map4k4,1.438972415590393,1.2750915037240904,0.0002552649093064597
ENSMUSG00000059974,Ntm,44.88557868623956,1.2701096434635923,0.00026852735008333614
ENSMUSG00000020300,Cpeb4,2.3285924162767264,1.2695374611538397,0.0002737895625352166
ENSMUSG00000020719,Ddx5,6.993163665308811,1.2652885033137715,0.0002885969997581512
ENSMUSG00000064363,mt-Nd4,1.4982607185255388,1.26911474834406,0.0003004257294959599
ENSMUSG00000047368,Abhd17b,1.5157911469681566,1.2581552715305389,0.00032501675845986796
ENSMUSG00000036046,5031439G07Rik,1.0964396620880053,1.2565701864010128,0.0003342185602712621
ENSMUSG00000025025,Mxi1,1.1935464173937425,1.254136200962578,0.0003436828219040519
ENSMUSG00000053907,Mat2a,1.892892329590538,1.2454106807154437,0.0003840833589563643
ENSMUSG00000033863,Klf9,2.081492163678253,1.2441026904962065,0.00039083609416546116
ENSMUSG00000020646,Mboat2,1.744376115593528,1.2334934573963117,0.0004519114303383964
ENSMUSG00000052812,Atad2b,1.4800408912115819,1.227733438111315,0.00048822800769675827
ENSMUSG00000115337,4930570B17Rik,1.4723590180738055,1.2269123120039915,0.0004944874277073935
ENSMUSG00000037736,Limch1,2.6279884975439085,1.221267732669927,0.0005326906156623172
ENSMUSG00000026502,Desi2,1.4455709476446368,1.2189046701223119,0.0005509460552139561
ENSMUSG00000032340,Neo1,1.8166645115310647,1.2147583768569978,0.0005809779494605226
ENSMUSG00000032897,Nfyc,1.32108520859144,1.211704778183622,0.0006079372998197556
ENSMUSG00000028354,Fmn2,4.225621139095298,1.2096790873531358,0.0006164110020314613
ENSMUSG00000041272,Tox,3.0871281458556195,1.2099440144005138,0.0006223034392215814
ENSMUSG00000039037,St6galnac5,2.0704617817368303,1.2016748367082526,0.0006941093591465775
ENSMUSG00000063524,Eno1,1.001007161184091,1.2008336350343893,0.0007084418349768046
ENSMUSG00000022477,Aco2,1.7456564277831574,1.196794285924894,0.0007376457685042472
ENSMUSG00000028618,Tmem59,2.0346130404272076,1.1948956757135316,0.0007552840779139182
ENSMUSG00000040549,Ckap5,1.9825141828645958,1.1882990158905895,0.0008189065031237729
ENSMUSG00000034574,Daam1,1.4337526812788268,1.181208325893936,0.0009062112770912429
ENSMUSG00000064357,mt-Atp6,1.8405965009218297,1.17130787703204,0.0010647822549488541
ENSMUSG00000064351,mt-Co1,3.5213509492460817,1.1616334401505497,0.0011976068846091968
ENSMUSG00000064358,mt-Co3,2.5750032700038608,1.155748420565834,0.0012797444000318765
ENSMUSG00000030691,Fchsd2,1.504268337261492,1.1532687099608268,0.0012902905727390963
ENSMUSG00000030647,Ndufc2,1.2089101636692952,1.1534771308886806,0.0012972232545895592
ENSMUSG00000008575,Nfib,4.905072969576314,1.1460003098534604,0.001393324443570708
ENSMUSG00000064370,mt-Cytb,1.7163077329747298,1.1479770850106579,0.0014372610884745781
ENSMUSG00000037503,Fam168b,1.5959583871495666,1.1388103460822712,0.0015306430896427816
ENSMUSG00000037196,Pacrg,1.2849410106226717,1.1401938961518836,0.0015514992090060768
ENSMUSG00000031618,Nr3c2,2.3373576304980355,1.1362220819357371,0.0015802557350773187
ENSMUSG00000032036,Kirrel3,7.5296144727635275,1.1347022819368353,0.0016074688151012343
ENSMUSG00000030447,Cyfip1,1.3099563410969692,1.130730483740353,0.0016942861745192323
ENSMUSG00000058318,Phf21a,2.8483991652662612,1.1276977950407554,0.0017391453601151125
ENSMUSG00000047454,Gphn,7.3710527323555795,1.1222942619313605,0.0018472030162158199
ENSMUSG00000036766,Dner,1.1195837670543827,1.1215280817497684,0.0019199949379030846
ENSMUSG00000032479,Map4,1.976408078575594,1.1171866439336042,0.001986638735202822
ENSMUSG00000030760,Acer3,1.2634711600581172,1.1101890868282316,0.002166420299170955
ENSMUSG00000032324,Tspan3,1.9861581483273871,1.1077810364909189,0.0022189554702469806
ENSMUSG00000052707,Tnrc6a,3.0992418688805743,1.1065959634585654,0.0022361153320299655
ENSMUSG00000022108,Itm2b,5.109725948810921,1.105910081800662,0.002256186546650805
ENSMUSG00000032470,Mras,1.494025839744457,1.105572834563585,0.0022830860836335555
ENSMUSG00000064354,mt-Co2,1.6930651424553038,1.1074219507717527,0.0023038107484914926
ENSMUSG00000028559,Osbpl9,2.253940367066028,1.09825098032889,0.002468178934393599
ENSMUSG00000024109,Nrxn1,59.256393615958196,1.09006847704965,0.002689432594624507
ENSMUSG00000020777,Acox1,1.2333345808253022,1.087345777506702,0.002817759114907679
ENSMUSG00000031561,Tenm3,2.894391918539871,1.081689844859028,0.0029832804430770664
ENSMUSG00000009647,Mcu,1.2438725350014825,1.0789443954393667,0.0030941181698986853
ENSMUSG00000038914,Dido1,1.1413490742780825,1.0778073976746547,0.0031344186775086615
ENSMUSG00000031517,Gpm6a,7.741653868476765,1.0684619699686015,0.0034395118054542334
ENSMUSG00000039542,Ncam1,5.071907496440328,1.0589019612802186,0.0038357703800401986
ENSMUSG00000019920,Lims1,1.1980767528339695,1.0471466190906518,0.004432313667082918
ENSMUSG00000027797,Dclk1,13.493801079822497,1.043425388316097,0.004543152515284105
ENSMUSG00000041889,Shisa4,1.9720747142414639,1.0413986340378822,0.004684566628417951
ENSMUSG00000000420,Galnt1,1.5725188255240437,1.0396430002685888,0.00477466402635175
ENSMUSG00000024304,Cdh2,3.4916083122254604,1.038005330185308,0.0048337984696321
ENSMUSG00000045658,Pid1,1.949816979252522,1.0328555477006345,0.00515234762299877
ENSMUSG00000026469,Xpr1,1.4583740695409306,1.024008762069141,0.005623945762311761
ENSMUSG00000038296,Galnt18,2.3208120575859015,1.0234751128357709,0.005654380694038563
ENSMUSG00000064345,mt-Nd2,1.1351444844360323,1.0252773199448089,0.005729736118899926
ENSMUSG00000027981,Rnpc3,2.072037550585605,1.0201913607116122,0.005836866822852257
ENSMUSG00000036019,Tmtc2,2.085924013565432,1.0195752290151154,0.005903417799885618
ENSMUSG00000032536,Trak1,1.12037165147877,1.0190161474736423,0.005951327552512462
ENSMUSG00000020859,Spag9,4.804519219913882,1.017007378340091,0.006007192331322725
ENSMUSG00000040249,Lrp1,1.5967462715739538,1.0169429804385604,0.0060602261442224995
ENSMUSG00000060743,H3f3a,1.0326210237126323,1.0120008434515035,0.006433611366511317
ENSMUSG00000025781,Atp5c1,1.5800037275557233,1.008636362538387,0.006617206102269171
ENSMUSG00000055065,Ddx17,2.4377144090543705,1.0024456592282207,0.007003075690535962
ENSMUSG00000022306,Zfpm2,2.619124797769551,0.9988238119591799,0.007326875487160145
ENSMUSG00000022240,Ctnnd2,17.597989532009098,0.9951088203792504,0.007519630826201575
ENSMUSG00000037902,Sirpa,1.3099563410969692,0.9962820845919469,0.007526604112465339
ENSMUSG00000026021,Sumo1,1.8089826383932883,0.9917452839688636,0.007821565365989581
ENSMUSG00000027309,4930402H24Rik,4.0993626600872295,0.9781720205281781,0.008910136413170809
ENSMUSG00000040270,Bach2,1.8195205925694689,0.9779889447634622,0.00897304155858053
ENSMUSG00000024240,Epc1,1.8399071020504907,0.9769217099932832,0.009046933471101018
ENSMUSG00000026223,Itm2c,1.7544216420044665,0.9740144011139943,0.00934278608858977
ENSMUSG00000021916,Glt8d1,1.2674105821800539,0.9735496853096418,0.009382773086724203
ENSMUSG00000027630,Tbl1xr1,1.2400315984325945,0.9724626096775435,0.009503369737674934
ENSMUSG00000085715,Tsix,2.54959399731737,0.9691040391920983,0.009767986843933686
ENSMUSG00000021775,Nr1d2,1.2348118641210284,0.9630169679358566,0.010424771793599857
ENSMUSG00000022389,Tef,1.5069274471937992,0.9627871033706705,0.010424771793599857
ENSMUSG00000023010,Tmbim6,1.275289426423927,0.9598945344450375,0.010756895754090725
ENSMUSG00000029068,Ccnl2,1.3504339033998678,0.9561705316539423,0.011104813316132696
ENSMUSG00000105361,AY036118,4.425152869571387,0.951956773154017,0.01154259745490943
ENSMUSG00000099083,Atf7,1.6058069424544081,0.9499043061412318,0.011782284620176005
ENSMUSG00000035545,Leng8,1.3620551986595808,0.9398718714306427,0.012996265074092244
ENSMUSG00000034892,Rps29,1.661352794373714,0.9396500324079149,0.013073423035107523
ENSMUSG00000022781,Pak2,1.0414847234869895,0.9380819948586704,0.013265721691338179
ENSMUSG00000021670,Hmgcr,1.643034481506709,0.937532555149578,0.013265829642040396
ENSMUSG00000032878,Ccdc85a,2.477995000251172,0.9370187036151522,0.013301991036652886
ENSMUSG00000079659,Tmem243,1.5666096923411388,0.9363412399479029,0.013403390845541015
ENSMUSG00000032405,Pias1,1.6372238338768526,0.9359389617528155,0.013443637403493306
ENSMUSG00000048388,Fam171b,2.7641940174098663,0.9283415766075548,0.014382480002816524
ENSMUSG00000064341,mt-Nd1,1.057931810846075,0.9314269360647744,0.014436454314116167
ENSMUSG00000021071,Trim9,4.064203317648945,0.9250396092620883,0.014802385943027465
ENSMUSG00000035227,Spcs2,1.0779243781149033,0.9204429822201183,0.015620678266826197
ENSMUSG00000059005,Hnrnpa3,1.4585710406470276,0.9198969074205258,0.015633349813420717
ENSMUSG00000032009,Sesn3,1.0859017079118247,0.9199391332487636,0.015666849590386812
ENSMUSG00000096054,Syne1,7.795820922653394,0.9141171011883511,0.01635375628969371
ENSMUSG00000071424,Grid2,8.830904085192236,0.9134597017327892,0.016481607564755724
ENSMUSG00000021771,Vdac2,1.0258255205522915,0.9118383760933102,0.016916437768730815
ENSMUSG00000052632,Asap2,1.732262392568573,0.9079679098199133,0.01739935628243996
ENSMUSG00000028634,Hivep3,4.9493914684481,0.9073947135743576,0.017415212697147103
ENSMUSG00000022463,Srebf2,1.1863569720212082,0.9067287180998769,0.017648098610020955
ENSMUSG00000062683,Atp5g2,1.008590548768819,0.9054290555138326,0.017986470846954313
ENSMUSG00000025609,Mkln1,1.6897166336516578,0.9026311103577256,0.018273152700212333
ENSMUSG00000033629,Hacd3,1.1342581144585966,0.9024105998691473,0.018360326322897105
ENSMUSG00000049100,Pcdh10,1.8596042126601737,0.8984233778954217,0.018980612550512137
ENSMUSG00000003847,Nfat5,1.9544458002457974,0.8961272371399156,0.019335500715841347
ENSMUSG00000048332,Lhfp,1.4372981611885698,0.8964913613929157,0.019361601988077643
ENSMUSG00000037072,Selenof,1.0144996819517238,0.8930112725900629,0.020019863545467687
ENSMUSG00000024603,Dctn4,1.4959955508054252,0.8887997127156577,0.020623653947031455
ENSMUSG00000032740,Ccdc88a,3.4285775582744744,0.8873654998326934,0.02079276919574282
ENSMUSG00000053768,Chchd3,1.7697853882800192,0.8837771746531816,0.021533148280661638
ENSMUSG00000035954,Dock4,4.898080495309876,0.8831963626045336,0.0216037608492087
ENSMUSG00000036053,Fmnl2,2.3896534591667438,0.8824506966200574,0.0217816863551249
ENSMUSG00000010095,Slc3a2,1.0592121230357043,0.8822054495127836,0.021938747296242775
ENSMUSG00000049422,Chchd10,1.5919204794745816,0.8822159630801393,0.021944291835964472
ENSMUSG00000039001,Rps21,1.6981863912138213,0.8820632960364669,0.022001315506018176
ENSMUSG00000025041,Nt5c2,1.7209365539680053,0.8725440072018996,0.02370707041875639
ENSMUSG00000025290,Rps24,1.329850422812749,0.8719940193802367,0.02403655357352412
ENSMUSG00000098178,Gm42418,34.6424902558861,0.8697818967191662,0.02420182938153372
ENSMUSG00000026970,Rbms1,1.16262195373654,0.8606050800610384,0.026414708564625085
ENSMUSG00000067242,Lgi1,1.8336040266553921,0.8541486385470715,0.02772819593810998
ENSMUSG00000025246,Tbl1x,1.159273444932894,0.8543306949531906,0.027772670919217455
ENSMUSG00000001173,Ocrl,1.139379363217114,0.8542109620426306,0.02778059300325117
ENSMUSG00000050730,Arhgap42,1.057242411974736,0.8515064536969211,0.02852038312808518
ENSMUSG00000052146,Rps10,1.1380990510274849,0.8504492325060397,0.028814074727847507
ENSMUSG00000058571,Gpc6,6.014020296901467,0.8493750101043476,0.028820626251075843
ENSMUSG00000025428,Atp5a1,1.8213918180773887,0.8329030585894913,0.03308374849009418
ENSMUSG00000009575,Cbx5,1.0914168988825361,0.8319258625602043,0.033508510366047004
ENSMUSG00000027167,Elp4,1.2012282905315188,0.8277776397782628,0.03455563489538312
ENSMUSG00000024293,Esco1,1.269577264347119,0.826939727054523,0.03474532920976371
ENSMUSG00000036503,Rnf13,1.2023116316150515,0.8260897399052036,0.03508125309956844
ENSMUSG00000026238,Ptma,1.5347003731534523,0.8202746628109643,0.03673906208903025
ENSMUSG00000031818,Cox4i1,2.8411112343406786,0.8195666505087386,0.036822730793286414
ENSMUSG00000063882,Uqcrh,1.0255300638931464,0.8112548980623593,0.03964821343699186
ENSMUSG00000086503,Xist,12.214966173488827,0.8073474272892947,0.04039384204601122
ENSMUSG00000025393,Atp5b,1.5876856006934996,0.8073188511569914,0.0407028716014473
ENSMUSG00000038349,Plcl1,2.0711511806081693,0.8073203678493681,0.0411789905091191
ENSMUSG00000086782,E130102H24Rik,1.0139087686334334,0.8028403324676776,0.042153045036912716
ENSMUSG00000027248,Pdia3,1.1270686690860623,0.8026661523502399,0.04221670030535072
ENSMUSG00000021448,Shc3,1.1271671546391107,0.8019483402919783,0.042413877813684164
ENSMUSG00000039601,Rcan2,2.224296215598455,0.7966543991959757,0.04407945905357788
ENSMUSG00000068742,Cry2,1.284547068410478,0.79514619861302,0.04460242814273689
ENSMUSG00000028514,Usp24,1.0407953246156507,0.7889014439976362,0.04690783843772856
ENSMUSG00000042207,Kdm5b,1.063447001816786,0.783772629283582,0.04866837705412163
ENSMUSG00000026384,Ptpn4,1.8773316122088886,0.7832668507793337,0.04868335178151307
ENSMUSG00000020671,Rab10,1.4540407052068005,0.782143211145539,0.049181567627077885
ENSMUSG00000021338,Carmil1,1.303751751254919,0.7755818248946047,0.05183040920992984
ENSMUSG00000060636,Rpl35a,1.1076670151355246,0.7756370407308836,0.052077781883581885
ENSMUSG00000017778,Cox7c,2.4354492413342568,0.771752724160229,0.05330484329518928
ENSMUSG00000056608,Chd9,3.7246251307380103,0.7698518387625386,0.053875386411886314
ENSMUSG00000033392,Clasp2,3.273758268882366,0.7670615845173793,0.05495408250776387
ENSMUSG00000036199,Ndufa13,1.265539356672134,0.7672732651038054,0.05521115165641104
ENSMUSG00000040929,Rfx3,2.227644724402101,0.7666508737946282,0.05522972990554272
ENSMUSG00000072294,Klf12,2.859528032760732,0.766228612289445,0.05534536593752931
ENSMUSG00000050334,C130071C03Rik,3.9825587941718092,0.7647183165463467,0.055851737430183866
ENSMUSG00000029106,Add1,1.4590634684122696,0.7646132176835302,0.05610347504326056
ENSMUSG00000042256,Ptchd4,1.9042181681911057,0.7596686826581489,0.05819000385139338
ENSMUSG00000022354,Ndufb9,1.1397733054293078,0.759058653076787,0.05870327551278697
ENSMUSG00000041841,Rpl37,1.4616240927915283,0.7588246122466329,0.05875475766806148
ENSMUSG00000057666,Gapdh,3.8746186280307464,0.7574318588283293,0.05901309267484029
ENSMUSG00000030432,Rpl28,1.1091442984312507,0.7562300617845341,0.059906061864717176
ENSMUSG00000037266,Rsrp1,4.687518382892365,0.7544683673071941,0.06016207971378977
ENSMUSG00000035885,Cox8a,3.0773780761038263,0.7516784658609565,0.061609433363880944
ENSMUSG00000027303,Ptpra,1.6288525618677372,0.7514608630300184,0.06168559308044434
ENSMUSG00000031532,Saraf,1.0746743548643054,0.7507320818737032,0.06223837620420981
ENSMUSG00000037742,Eef1a1,1.8418768131114591,0.7487527931543116,0.06308621812905678
ENSMUSG00000043962,Thrap3,1.0888562745032773,0.7451537656193497,0.06469488441664818
ENSMUSG00000070493,Chchd2,1.741027606789882,0.7435449801559261,0.06549190774707846
ENSMUSG00000024608,Rps14,1.269380293241022,0.7418120533706551,0.06641415587152513
ENSMUSG00000058672,Tubb2a,1.6396859727030628,0.7398022636563693,0.0672183615813323
ENSMUSG00000020817,Rabep1,2.318743860971885,0.7361366806974603,0.06869916566037367
ENSMUSG00000062825,Actg1,1.820505448099953,0.7356487254970563,0.06913419612037207
ENSMUSG00000028648,Ndufs5,1.180841781050497,0.7344327629782341,0.06991568203666801
ENSMUSG00000028248,Pnisr,4.709973088987403,0.7332657464922472,0.06997785908381206
ENSMUSG00000041453,Rpl21,1.4634953182994483,0.7328996230511162,0.07062053460381798
ENSMUSG00000061315,Naca,1.0146966530578208,0.7307601586389706,0.0717863868615592
ENSMUSG00000028530,Jak1,1.0696515916588363,0.7302818852160375,0.07186134367859931
ENSMUSG00000021065,Fut8,1.837149506565135,0.7251488997258679,0.07426673955023487
ENSMUSG00000024780,Cdc37l1,1.924210735459934,0.7210340477343542,0.0765733476257388
ENSMUSG00000021684,Pde8b,3.1006206666232523,0.7197917654630143,0.0770784775080098
ENSMUSG00000063077,Kif1b,4.024710610876531,0.719214092082189,0.07729749045948416
ENSMUSG00000061518,Cox5b,1.1485385196506168,0.7193149977274349,0.07779579222284368
ENSMUSG00000024213,Nudt3,1.0979169453837314,0.7163781430843799,0.0791547046040868
ENSMUSG00000021939,Ctsb,1.0608863774375275,0.7148394895159037,0.08000975463581322
ENSMUSG00000032216,Nedd4,1.9895066571310334,0.7124092727918107,0.08101766306236363
ENSMUSG00000038388,Mpp6,1.2561832291325346,0.7112310639134065,0.08190771440635623
ENSMUSG00000038332,Sesn1,1.5776400742825614,0.7100267951404022,0.08225074114746794
ENSMUSG00000020460,Rps27a,1.1473566930140358,0.7107972988868675,0.0822713308560418
ENSMUSG00000006191,Cdkal1,1.3270928273273934,0.7081187751178482,0.08338097383198988
ENSMUSG00000034755,Pcdh11x,1.5488822927924242,0.70460989334764,0.08567351696172433
ENSMUSG00000000563,Atp5f1,1.2257511932405742,0.7009190578361508,0.08768928074186493
ENSMUSG00000052539,Magi3,1.798444684217108,0.699268151552618,0.08840531893665493
ENSMUSG00000007892,Rplp1,2.14009106774206,0.6981880519890427,0.08930838186497245
ENSMUSG00000061904,Slc25a3,2.5395484709064315,0.6950899386395274,0.09080650472212438
ENSMUSG00000036751,Cox6b1,1.133864172246403,0.6955667772925345,0.09102234020590491
ENSMUSG00000034566,Atp5h,1.364517337485791,0.6942222052835921,0.09168265450748822
ENSMUSG00000053477,Tcf4,12.044684652268117,0.6929069630180034,0.0918600637192098
ENSMUSG00000057322,Rpl38,1.631413186246996,0.6896277414630947,0.09438246812987253
ENSMUSG00000024096,Ralbp1,1.0621666896271567,0.6878282331889151,0.09551739061380961
ENSMUSG00000058600,Rpl30,1.0008101900779942,0.6850651123008504,0.09750746207301288
ENSMUSG00000046330,Rpl37a,1.2225011699899766,0.6846505219731776,0.09759805483589243
ENSMUSG00000022194,Pabpn1,2.552548563908822,0.6834513017501327,0.09785417873710317
ENSMUSG00000047866,Lonp2,1.0120375431255135,0.6831532806671065,0.09836743522672912
ENSMUSG00000001627,Ifrd1,1.2192511467393787,0.6820323224171261,0.09898468115899005
ENSMUSG00000074024,4632427E13Rik,1.265342385566037,0.680451319231549,0.09990168188219378
ENSMUSG00000032330,Cox7a2,1.1575007049780226,0.675638195923602,0.10351161326245661
ENSMUSG00000031633,Slc25a4,2.7803456481098063,0.67485198159766,0.10352944421057574
ENSMUSG00000048249,Crebrf,1.110621581726977,0.674974516037248,0.10364691236850367
ENSMUSG00000075706,Gpx4,1.1051063907562657,0.6720385016548931,0.10589029782105151
ENSMUSG00000038518,Jarid2,1.245645274956354,0.6712225074424183,0.10611924180594977
ENSMUSG00000033768,Nrxn2,1.7543231564514181,0.669884172908616,0.10692755894445026
ENSMUSG00000021536,Adcy2,4.031112171824678,0.6685146305101723,0.10763925942903955
ENSMUSG00000043154,Ppp2r3a,1.8665966869266113,0.6587119141328641,0.11456086569058482
ENSMUSG00000032518,Rpsa,1.2168874934662168,0.6578251027174811,0.1156943042642524
ENSMUSG00000032846,Zswim6,1.4759044979835485,0.6535570607718313,0.1181848696658714
ENSMUSG00000059291,Rpl11,1.1398717909823564,0.6539898008981594,0.11823136108683291
ENSMUSG00000047888,Tnrc6b,3.5715785813007734,0.6502037376728438,0.12026676061087983
ENSMUSG00000014313,Cox6c,1.780421828009248,0.6468193479440969,0.12337369944645052
ENSMUSG00000055239,Kcmf1,1.001992016714575,0.6440144587683091,0.12548078258068437
ENSMUSG00000039943,Plcb4,1.8645284903125945,0.6426932122331559,0.1262045983419783
ENSMUSG00000000740,Rpl13,1.7726414693184231,0.6413186371583736,0.12762127610518445
ENSMUSG00000027522,Stx16,1.245152847191112,0.6401500754742883,0.12829079494618473
ENSMUSG00000060261,Gtf2i,1.456798300692156,0.6313402961000588,0.13532010267348188
ENSMUSG00000036333,Kidins220,2.9759379564639588,0.6304432740813011,0.1359206419196336
ENSMUSG00000023845,Lnpep,1.1480460918853748,0.6242223102820696,0.14127263452017438
ENSMUSG00000034912,Mdga2,14.51952811482174,0.6230298488369823,0.14166651864069776
ENSMUSG00000022141,Nipbl,1.7342321036295414,0.6216336305128195,0.14314118555571953
ENSMUSG00000030126,Tmcc1,3.500570497552866,0.6207798726520612,0.14367276171923962
ENSMUSG00000032186,Tmod2,1.4341466234910205,0.6210330581533053,0.1439553132981144
ENSMUSG00000038034,Igsf8,1.075265268182596,0.6201873956229758,0.14471737483325073
ENSMUSG00000029422,Rsrc2,1.4370027045294247,0.6165609326246524,0.14735600404319482
ENSMUSG00000038717,Atp5l,1.1140685760836715,0.616957763404145,0.14747767478708212
ENSMUSG00000027002,Nckap1,2.21031126706558,0.6156892595462908,0.14785163728299833
ENSMUSG00000103971,Gm37679,1.0475908277759913,0.6154258136233992,0.148391985869885
ENSMUSG00000005873,Reep5,1.2592362812770355,0.6128613534967655,0.1506379371406453
ENSMUSG00000073147,5031425E22Rik,1.4491164275543797,0.611800003664481,0.15136132747280148
ENSMUSG00000030213,Atf7ip,1.0064238666017538,0.6115783888162863,0.15178410442480172
ENSMUSG00000035623,Rsf1,1.218069320102798,0.6074717450452719,0.15535090536462792
ENSMUSG00000038274,Fau,1.6924742291370134,0.6070283107017027,0.15586407800364083
ENSMUSG00000073664,Nbeal1,1.0438483767601516,0.6051081906215868,0.1574625378402012
ENSMUSG00000047215,Rpl9,1.2448573905319666,0.6048518244769612,0.15802891438674863
ENSMUSG00000028522,Mier1,1.083341083532566,0.603267742012502,0.15908192297919965
ENSMUSG00000020640,Itsn2,1.0225754973016938,0.6026775248839256,0.15967808221407156
ENSMUSG00000022890,Atp5j,1.1909857930144836,0.6005055497813814,0.16171230760164457
ENSMUSG00000029632,Ndufa4,1.6126024456147487,0.5989111674870907,0.16296833153704388
ENSMUSG00000029328,Hnrnpdl,2.139204697764624,0.5930515935098559,0.1679522569136875
ENSMUSG00000035392,Dennd1a,3.683950597329015,0.5918847911741805,0.16888884568448745
ENSMUSG00000035566,Pcdh17,1.2863198083653495,0.5890464819056611,0.17198360571260424
ENSMUSG00000047675,Rps8,2.0457419079216783,0.5869877886512442,0.17394176634419808
ENSMUSG00000030516,Tjp1,4.046869860312425,0.5842192304464926,0.17622006575971289
ENSMUSG00000001441,Npepps,1.46773019708053,0.5845059934325578,0.17624234350740972
ENSMUSG00000026554,Dcaf8,1.0132193697620944,0.5841220240627442,0.17682959096714834
ENSMUSG00000074884,Serf2,1.0534999609588962,0.5823603498112101,0.17879233961404542
ENSMUSG00000029635,Cdk8,2.184508052166895,0.5812979870871356,0.17948639584088766
ENSMUSG00000042682,Selenok,1.3003047568982244,0.5742501044932321,0.1865091154127553
ENSMUSG00000022255,Mtdh,2.0305751327522223,0.5714344122170643,0.1889707937957939
ENSMUSG00000071415,Rpl23,1.1147579749550105,0.5718377104380069,0.1892306974554221
ENSMUSG00000041540,Sox5,3.599449992813475,0.5710435967302636,0.18926747215988343
ENSMUSG00000034120,Srsf2,1.187735769763886,0.5700694502899544,0.19053021577043902
ENSMUSG00000071866,Ppia,3.3614104110954557,0.5686480477368299,0.19163348936036198
ENSMUSG00000039047,Pigk,1.8564526749626244,0.5658080484096353,0.19461824773609757
ENSMUSG00000020368,Canx,1.1758190178450278,0.5606853951089332,0.19972116173329332
ENSMUSG00000035242,Oaz1,1.303554780148822,0.5603651636325901,0.2000983035606795
ENSMUSG00000026987,Baz2b,2.30288768693109,0.5593201536712714,0.20069910188319914
ENSMUSG00000022748,Cmss1,4.8596711296209945,0.5588886550638172,0.20131162092534197
ENSMUSG00000030779,Rbbp6,1.28503949617572,0.5579819381638377,0.20250751186222332
ENSMUSG00000017404,Rpl19,1.436116334551989,0.5577956016290655,0.20304900699497214
ENSMUSG00000020532,Acaca,1.449904311978767,0.557295317912307,0.20339997228009943
ENSMUSG00000024661,Fth1,4.29692467950235,0.5573459755593335,0.20339997228009943
ENSMUSG00000038690,Atp5j2,1.0697500772118846,0.5560718720032609,0.20475564379103628
ENSMUSG00000098274,Rpl24,1.2060540826308912,0.555520760353609,0.2052990340979758
ENSMUSG00000037999,Arap2,1.7833763946007004,0.5536628202944844,0.20667212889313868
ENSMUSG00000023977,Ubr2,1.1799554110730612,0.5517245801489661,0.20903169350350065
ENSMUSG00000027010,Slc25a12,1.2089101636692952,0.5503071819840413,0.2106177432693177
ENSMUSG00000027805,Pfn2,1.1064851884989435,0.5504265031527538,0.2107600624623634
ENSMUSG00000000088,Cox5a,1.5136244648010915,0.550252391178916,0.21079874829307937
ENSMUSG00000041058,Wwp1,1.046802943351604,0.5494838274438006,0.21172193824347196
ENSMUSG00000032118,Fez1,1.0160754508004985,0.5489939941659844,0.21248340089100193
ENSMUSG00000025959,Klf7,1.0120375431255135,0.5465947048525728,0.21508229691122427
ENSMUSG00000034160,Ogt,2.118522731624457,0.5424930799709283,0.21896250279881618
ENSMUSG00000019990,Pde7b,2.1715079591645043,0.5409031808139947,0.22113330080436214
ENSMUSG00000034007,Scaper,1.7911567532915253,0.5388655192564152,0.22319831237900056
ENSMUSG00000022521,Crebbp,1.7373836413270907,0.5383757402358298,0.22367799429786006
ENSMUSG00000024530,Prelid3a,1.2702666632184578,0.5383659638717209,0.2238571762041279
ENSMUSG00000003380,Rabac1,1.057242411974736,0.5376772443579232,0.2250427711281487
ENSMUSG00000028081,Rps3a1,1.0080981210035769,0.5372376705593385,0.22593033621766928
ENSMUSG00000037331,Larp1,1.160455271569475,0.5364048301136888,0.2261575176921217
ENSMUSG00000035530,Eif1,2.280137524176906,0.5336197882878565,0.22905020413832014
ENSMUSG00000003970,Rpl8,1.0998866564446996,0.531927278843456,0.23149374222306646
ENSMUSG00000026259,Ngef,1.0208027573468224,0.52706480673231,0.2365565302498935
ENSMUSG00000058997,Vwa8,1.4462603465159756,0.5248146573156258,0.23883516681615452
ENSMUSG00000001472,Tcf25,3.2147654226063653,0.5159916010588277,0.24833308375783872
ENSMUSG00000093674,Rpl41,1.8653163747369819,0.5152353734471888,0.2497192592533829
ENSMUSG00000055839,Elob,1.0371513591528594,0.5148886618843466,0.2505392908844956
ENSMUSG00000031231,Cox7b,1.3890402401948465,0.5087958979903047,0.25790301574275204
ENSMUSG00000055254,Ntrk2,6.528016398261146,0.5074916287816067,0.2588866459919393
ENSMUSG00000066551,Hmgb1,1.6687392108523453,0.5035536114028646,0.26449302107372263
ENSMUSG00000000631,Myo18a,1.5110638404218328,0.5026748378946531,0.2654037975428138
ENSMUSG00000021134,Srsf5,1.4428133521592812,0.50143500371882,0.2670549177190275
ENSMUSG00000037624,Kcnk2,1.0291740293559377,0.4974661523950352,0.27263920072484576
ENSMUSG00000060036,Rpl3,1.0273028038480179,0.49430846001797407,0.27656411950790466
ENSMUSG00000030172,Erc1,1.4390709011434413,0.49378430204714874,0.27659112745306447
ENSMUSG00000060126,Tpt1,1.3408808047541714,0.4888412577107308,0.28362687134803455
ENSMUSG00000020385,Clk4,1.2824788717964613,0.4883468390479037,0.2838422656001348
ENSMUSG00000027406,Idh3b,1.1951221862425172,0.4863459052978715,0.2865422513643353
ENSMUSG00000032290,Ptpn9,1.006719323260899,0.4814344417424733,0.29309814068899437
ENSMUSG00000071528,Atp5md,1.196304012879098,0.4796945577291617,0.2957064908664225
ENSMUSG00000026313,Hdac4,1.001499588949333,0.47364066860666715,0.3030763440438807
ENSMUSG00000053819,Camk2d,1.0568484697625424,0.47048099379348984,0.3074216759047144
ENSMUSG00000031708,Tecr,2.737996860298988,0.46806755177003956,0.31005895934671435
ENSMUSG00000097023,Mir9-3hg,1.639489001596966,0.46355882562754724,0.3165378798222129
ENSMUSG00000030654,Arl6ip1,2.0096961955059585,0.4623124310365374,0.3183035516071906
ENSMUSG00000034377,Tulp4,1.4960940363584736,0.4621693893359603,0.31866809018601
ENSMUSG00000036155,Mgat5,1.8237554713505506,0.46075846496734074,0.320263725867317
ENSMUSG00000026004,Kansl1l,1.9680368065664788,0.448916374573766,0.3365793183968824
ENSMUSG00000024921,Smarca2,1.747921595503271,0.44814776858305994,0.337793581911723
ENSMUSG00000028207,Asph,1.2111753313894087,0.4471738499317965,0.3394949941453736
ENSMUSG00000029836,Cbx3,1.0088860054279642,0.44672354486105037,0.3403570349901946
ENSMUSG00000027763,Mbnl1,1.1688265435785903,0.44673456165916375,0.34039184013232365
ENSMUSG00000056201,Cfl1,1.2229935977552187,0.4434606776515085,0.34522497748880915
ENSMUSG00000045962,Wnk1,1.2273269620893488,0.43740241198702867,0.3537918135023181
ENSMUSG00000024483,Ankhd1,1.1181064837586565,0.43634093431285104,0.3552349195620463
ENSMUSG00000029103,Lrpap1,1.0158784796944016,0.435968909045277,0.35596634198211624
ENSMUSG00000031627,Irf2,1.1816296654748843,0.43539557063445183,0.35659164367356555
ENSMUSG00000022812,Gsk3b,1.9962036747383254,0.4345723556310458,0.3574482478434143
ENSMUSG00000021910,Nisch,1.554791425975329,0.4340555294709437,0.35833751406330805
ENSMUSG00000054387,Mdm4,1.1541521961743764,0.4337517413725197,0.3589577775515275
ENSMUSG00000020994,Pnn,1.6393905160439175,0.4327470487862931,0.35998355890438755
ENSMUSG00000005871,Apc,3.239091354209324,0.43134378504977366,0.36180255944267226
ENSMUSG00000051285,Pcmtd1,1.6838075004687527,0.4277761145799459,0.3673473204415156
ENSMUSG00000040022,Rab11fip2,1.4827000011438891,0.42509172134616025,0.3709953939785794
ENSMUSG00000054611,Kdm2a,1.059606065247898,0.42351938481222173,0.3737425281392638
ENSMUSG00000023175,Bsg,1.829270662321262,0.42493803765579163,0.374731492099075
ENSMUSG00000026077,Npas2,1.5183517713474155,0.42003753462698024,0.378782015730921
ENSMUSG00000024462,Gabbr1,1.8946650695454095,0.418658745076122,0.3806864247242018
ENSMUSG00000025006,Sorbs1,1.82503578354018,0.4171607008352504,0.38308316979395374
ENSMUSG00000024811,Tnks2,1.0662045973021417,0.4149833410376295,0.38647015443236077
ENSMUSG00000046364,Rpl27a,1.3201988386140042,0.4138277683308328,0.3881597763737031
ENSMUSG00000027365,Trpm7,1.4289268891794547,0.4089408215815452,0.3952026426866787
ENSMUSG00000026034,Clk1,1.5926098783459204,0.40853864828785,0.3958600123993871
ENSMUSG00000020863,Luc7l3,2.4425402011537427,0.4061318594165251,0.3990159091698876
ENSMUSG00000078671,Chd2,1.3238428040767956,0.4054594854687705,0.4002683774283377
ENSMUSG00000022186,Oxct1,2.246652436140445,0.40411395477655165,0.40215826554939926
ENSMUSG00000037475,Thoc2,1.1514930862420691,0.40289507606296115,0.40379328598322745
ENSMUSG00000004637,Wwox,2.332630323951711,0.4010763979929266,0.4065233507746133
ENSMUSG00000029580,Actb,3.6840490828820633,0.39959697526156623,0.4087770282174005
ENSMUSG00000020716,Nf1,1.702322784441855,0.39814303678874835,0.410786641440129
ENSMUSG00000015709,Arnt2,1.6965121368119984,0.39645235944162666,0.41358432020571756
ENSMUSG00000027770,Dhx36,1.2549029169429051,0.3949131446262585,0.4161064847475349
ENSMUSG00000022340,Sybu,2.56387440250939,0.3934787197330061,0.417770558528488
ENSMUSG00000074748,Atxn7l3b,1.1051063907562657,0.3935422240962328,0.41820228949561356
ENSMUSG00000035933,Cog5,1.2021146605089545,0.39338175540357856,0.41820228949561356
ENSMUSG00000033278,Ptprm,1.7917476666098158,0.3906488369857633,0.4231727598816045
ENSMUSG00000040459,Arglu1,4.036331906136244,0.38503448783439964,0.43100657105201934
ENSMUSG00000027598,Itch,1.1901979085900964,0.38149679927340774,0.4370525801385694
ENSMUSG00000059208,Hnrnpm,1.108257928453815,0.380538884291046,0.4387914387866416
ENSMUSG00000064302,Clasp1,1.2450543616380636,0.3784708112216706,0.44167284449697586
ENSMUSG00000029629,Phf14,1.385593245838152,0.37673001739440176,0.444197821928022
ENSMUSG00000020849,Ywhae,1.6978909345546762,0.3725885035060804,0.4512008194935821
ENSMUSG00000029821,Gsdme,1.4706847636719826,0.3725203598959461,0.45135805053156847
ENSMUSG00000023456,Tpi1,1.074772840417354,0.3667610107313469,0.46100158443095673
ENSMUSG00000025964,Adam23,1.9408547939251162,0.36605242765104395,0.46157850303576875
ENSMUSG00000020598,Nrcam,5.682419439787454,0.36123850644033473,0.4693387494205724
ENSMUSG00000029614,Rpl6,1.7377775835392844,0.3565592698694691,0.4776458076214362
ENSMUSG00000015165,Hnrnpl,1.070734932742369,0.3549735605110021,0.48065315837631845
ENSMUSG00000040407,Akap9,1.2879940627671727,0.35277327569696787,0.4842329687573256
ENSMUSG00000063511,Snrnp70,5.474220980643104,0.3523586692190066,0.48441145129026303
ENSMUSG00000026740,Dnajc1,1.9743398819615774,0.3464966370797601,0.4948180167169943
ENSMUSG00000022321,Cdh10,4.313371766861436,0.3455775021305463,0.49586854326828983
ENSMUSG00000111971,Gm48678,1.6658831298139412,0.3446472087109902,0.4973691377542606
ENSMUSG00000001833,Sept7,2.543881835240562,0.34161639114091513,0.5023400240669652
ENSMUSG00000020048,Hsp90b1,1.0483787122003787,0.34120479633638745,0.5032000663722639
ENSMUSG00000027620,Rbm39,4.776253866188987,0.33829023802853264,0.5073772958532221
ENSMUSG00000032826,Ank2,13.46996757598478,0.3372911274820427,0.5090619797400355
ENSMUSG00000024975,Pdcd4,1.619102492115944,0.33545498864072537,0.5124446545684205
ENSMUSG00000056185,Snx32,1.1946297584772751,0.3335375602687132,0.5159857668376963
ENSMUSG00000100252,Mir124-2hg,1.0571439264216875,0.3306558459175536,0.5203672147223589
ENSMUSG00000037608,Bclaf1,1.1982737239400665,0.32861507027632875,0.5231682705049936
ENSMUSG00000040225,Prrc2c,1.8476874607413156,0.326103764639756,0.5272220473943481
ENSMUSG00000024843,Chka,1.703800067737581,0.3227739190919882,0.5329375953388705
ENSMUSG00000105265,Sox2ot,1.131008091207999,0.3233318193952869,0.5334604193891161
ENSMUSG00000020069,Hnrnph3,1.2943956237153196,0.32240371506282495,0.5337124033513094
ENSMUSG00000063870,Chd4,1.9357335451665987,0.32096104371728196,0.535823841065035
ENSMUSG00000021413,Prpf4b,4.301061072730384,0.3207181910583352,0.5359900936435845
ENSMUSG00000019877,Serinc1,1.2324482108478665,0.31745988745538106,0.5419928422917143
ENSMUSG00000032228,Tcf12,1.759739861869081,0.3118327557969517,0.5511340441400183
ENSMUSG00000027351,Spred1,1.9707944020518344,0.311706130994156,0.5512334382088824
ENSMUSG00000039428,Tmem135,1.1059927607337015,0.30187133946686917,0.5685830677887165
ENSMUSG00000037234,Hook3,1.1415460453841793,0.30153834584148304,0.5690602446496371
ENSMUSG00000028524,Sgip1,3.7478677212574363,0.2995474792382369,0.5719835526993151
ENSMUSG00000028080,Lrba,1.4186843916624194,0.2984829622524853,0.5742113058567524
ENSMUSG00000030695,Aldoa,2.406297517631926,0.2977932862497099,0.5752058918628441
ENSMUSG00000036893,Ehmt1,1.1243110736007067,0.2974830498151562,0.5759706431272404
ENSMUSG00000092341,Malat1,1154.0989154901772,0.29504938668374514,0.5798714430226772
ENSMUSG00000042331,Specc1,1.6922772580309164,0.2916475642598191,0.5864286958736069
ENSMUSG00000021764,Ndufs4,1.0158784796944016,0.2836802482151633,0.601056739453451
ENSMUSG00000024283,Wac,1.085015337934389,0.2828662166168352,0.6025950505042557
ENSMUSG00000023861,Mpc1,1.046310515586362,0.27933893983969726,0.609537722788711
ENSMUSG00000042605,Atxn2,1.2598271945953259,0.2787577647368506,0.6102321545592647
ENSMUSG00000024639,Gnaq,2.246553950587397,0.27639894917261465,0.6141728583636832
ENSMUSG00000019505,Ubb,3.476146080396859,0.27620060538798974,0.6143620169201615
ENSMUSG00000097589,Dleu2,1.6640119043060213,0.2758288749138879,0.6152675981665536
ENSMUSG00000004535,Tax1bp1,1.1120003794696547,0.27420746232200266,0.6181514518323458
ENSMUSG00000027706,Sec62,2.2578797891879643,0.27189707923688,0.6219193752195704
ENSMUSG00000020390,Ube2b,1.9950218481017445,0.26223155877616033,0.6397016879348532
ENSMUSG00000032959,Pebp1,1.3027668957244347,0.2609324030476147,0.64232365525908
ENSMUSG00000000538,Tom1l2,1.5095865571261065,0.2578909505927056,0.6475430815172565
ENSMUSG00000037210,Fam193a,1.08619716457097,0.2468230717805674,0.6651424753818368
ENSMUSG00000003119,Cdk12,1.541988304079035,0.23999962853071205,0.6769673007154365
ENSMUSG00000042302,Ehbp1,1.8210963614182434,0.2399132963778038,0.677024396737267
ENSMUSG00000019841,Rev3l,1.3308352783432331,0.23903749118580184,0.6790497513576594
ENSMUSG00000059439,Bcas3,1.6513072679627758,0.23855522260429324,0.6797523646150798
ENSMUSG00000032294,Pkm,1.0374468158120045,0.23463885898692752,0.6869897553262432
ENSMUSG00000021488,Nsd1,1.9931506225938247,0.2336436248494057,0.6880415969744825
ENSMUSG00000024576,Csnk1a1,2.126106119209185,0.2332485752726675,0.6883898931603153
ENSMUSG00000020315,Sptbn1,3.040741450369816,0.2308676017476825,0.6924428093170607
ENSMUSG00000037487,Ubr5,1.4292223458385998,0.23007746956828656,0.6939647003106237
ENSMUSG00000027346,Gpcpd1,1.1197807381604796,0.2286749473163629,0.6966388953431683
ENSMUSG00000029673,Auts2,10.749895086340604,0.22343468823261503,0.7055447057936031
ENSMUSG00000026743,Mllt10,1.8677785135631921,0.21733788497320194,0.7175587739398573
ENSMUSG00000038784,Cnot4,1.7118758830875511,0.21687385136320103,0.7184843699311539
ENSMUSG00000047187,Rab2a,1.6832165871504623,0.20915126205203438,0.7318815559882537
ENSMUSG00000026878,Rab14,1.1591749593798457,0.209136559338902,0.7321252690490229
ENSMUSG00000036257,Pnpla8,1.0839319968508565,0.2049305009976194,0.7391889159292859
ENSMUSG00000046447,Camk2n1,3.127999650370712,0.20179962598576973,0.7455448501551123
ENSMUSG00000026425,Srgap2,1.6434284237189025,0.19911647670533494,0.7503666903203023
ENSMUSG00000032407,U2surp,1.1701068557682197,0.19683913182646684,0.754293642048995
ENSMUSG00000032383,Ppib,1.2113723024955056,0.1926966652031485,0.7619386294493302
ENSMUSG00000020954,Strn3,1.9829081250767895,0.19257870195810745,0.7619386294493302
ENSMUSG00000066687,Zbtb16,1.5318442921150484,0.19127438422920207,0.7646161316319179
ENSMUSG00000028053,Ash1l,1.7051788654802589,0.18662954117380726,0.7731549387578359
ENSMUSG00000040481,Bptf,1.001007161184091,0.18368794733363916,0.7786174849617472
ENSMUSG00000044477,Zfand3,1.4189798483215645,0.18320628772377423,0.779326074209132
ENSMUSG00000031996,Aplp2,1.5174654013699798,0.18088028019029795,0.78357646877086
ENSMUSG00000000560,Gabra2,1.4436997221367167,0.17617145428062597,0.7909840973098861
ENSMUSG00000018501,Ncor1,2.4486463054427445,0.17573418284946052,0.7913059072346205
ENSMUSG00000064138,Fam172a,1.8062250429079327,0.1757775995971037,0.7913059072346205
ENSMUSG00000020402,Vdac1,1.1605537571225235,0.17359007356764736,0.7956553457494956
ENSMUSG00000009013,Dynll1,1.1401672476415015,0.1696935854537185,0.8033592451661504
ENSMUSG00000030257,Srgap3,2.2886072817390697,0.16489696012858035,0.8119234628093427
ENSMUSG00000033981,Gria2,15.763006707611028,0.16442808634245454,0.812404873972164
ENSMUSG00000019210,Atp6v1e1,1.080485002494162,0.16193413330214418,0.8177674336199571
ENSMUSG00000029064,Gnb1,1.397214541097865,0.16114033105734654,0.8189260296569029
ENSMUSG00000015882,Lcorl,1.1223413625397385,0.159643558770984,0.8215216126654424
ENSMUSG00000007411,Mark3,1.0756592103947897,0.15895552952145492,0.8229359682469625
ENSMUSG00000025224,Gbf1,1.0148936241639175,0.15456644934821734,0.8305907116965418
ENSMUSG00000024500,Ppp2r2b,5.1118926309779855,0.15043976367234313,0.8374841722185974
ENSMUSG00000027782,Kpna4,1.0189315318389025,0.14678249221995768,0.8443723465381129
ENSMUSG00000056602,Fry,2.9177329946123454,0.14420408585093658,0.8482713362171139
ENSMUSG00000052139,Babam2,1.021393670665113,0.1368923789548215,0.8576901510185124
ENSMUSG00000041650,Pcca,1.1933494462876457,0.13594534854744916,0.8592019736856973
ENSMUSG00000020738,Sumo2,1.0637424584759314,0.13243070382337427,0.8647342524694424
ENSMUSG00000022636,Alcam,2.2216371056661477,0.12780571465102342,0.8721376544591675
ENSMUSG00000025261,Huwe1,1.4042070153643023,0.12685256759696556,0.8735929340182955
ENSMUSG00000049775,Tmsb4x,2.1404850099542534,0.12535976660070325,0.876237302766297
ENSMUSG00000034269,Setd5,1.2528347203288883,0.12192616734096876,0.8825049829570781
ENSMUSG00000069729,Arid1b,1.631905614012238,0.11768541818257972,0.8898587176005269
ENSMUSG00000006651,Aplp1,1.909733359161817,0.1143755551968042,0.8946581077555903
ENSMUSG00000015222,Map2,3.261644545857411,0.11337940855690509,0.8959569427462152
ENSMUSG00000022185,Acin1,1.2727288020446683,0.11312366069836119,0.8966403840918992
ENSMUSG00000016541,Atxn10,1.2492892404191454,0.11230824571924983,0.8978351339691196
ENSMUSG00000062270,Morf4l1,1.4856545677353417,0.10687111832824608,0.9070110957650684
ENSMUSG00000074698,Csnk2a1,1.0088860054279642,0.10443046504913221,0.9114997222046245
ENSMUSG00000036371,Serbp1,1.1665613758584767,0.10207059202877192,0.9153731310357331
ENSMUSG00000015090,Ptgds,2.5298968867076868,0.10263965502810879,0.9163562578176603
ENSMUSG00000014602,Kif1a,1.2127511002381834,0.09932929059181833,0.9199302674396238
ENSMUSG00000038244,Mical2,2.3886686036362597,0.09857970594565701,0.9210475846341497
ENSMUSG00000035851,Ythdc1,1.0490681110717175,0.09747594841498981,0.9230088894779824
ENSMUSG00000031592,Pcm1,1.641163255998789,0.09715953942079059,0.9235095977352666
ENSMUSG00000028397,Kdm4c,1.0576363541869296,0.09004422921501387,0.9356392920580522
ENSMUSG00000020680,Taf15,1.013810283080385,0.08970653280339232,0.9360637263337909
ENSMUSG00000029131,Dnajb6,1.0150905952700144,0.08700287055832606,0.9398341067970533
ENSMUSG00000026219,Trip12,1.3006002135573698,0.08336953533730751,0.945392294344396
ENSMUSG00000029004,Kmt2e,1.7100046575796313,0.08165073175085136,0.9483518233909035
ENSMUSG00000030657,Xylt1,1.6420496259762247,0.07964169622165318,0.9518666970460367
ENSMUSG00000024400,Wdr33,1.5031849961779595,0.07925091107231741,0.9523776096487622
ENSMUSG00000024431,Nr3c1,1.3264034284560544,0.07795629769667178,0.9549765147377657
ENSMUSG00000006005,Tpr,1.5888674273300807,0.07767911589678556,0.9554145284716825
ENSMUSG00000051177,Plcb1,9.958366696490492,0.07735715885665684,0.9557877501761264
ENSMUSG00000027523,Gnas,2.5419121241795937,0.07707353726807198,0.9564100302180405
ENSMUSG00000029817,Tra2a,2.1445229176292386,0.07685293613106481,0.956802996326055
ENSMUSG00000040591,1110051M20Rik,1.3730855806010032,0.07671046158736333,0.9571455798908931
ENSMUSG00000029108,Pcdh7,7.975557056966751,0.06773794350662543,0.9724715508904747
ENSMUSG00000072235,Tuba1a,1.5731097388423343,0.06754964817654496,0.972914165557827
ENSMUSG00000003992,Ssbp2,2.082477019208737,0.06559879093200793,0.9752850047001224
ENSMUSG00000061665,Cd2ap,1.0441438334192967,0.06517792083938853,0.9760212496599939
ENSMUSG00000021843,Ktn1,2.569783535692295,0.05919936756107025,0.9854488870100138
ENSMUSG00000024290,Rock1,1.309463913331727,0.05400648250974055,0.9948598874801479
ENSMUSG00000039000,Ube3c,1.0167648496718373,0.053923814114819266,0.995045806539443
ENSMUSG00000025982,Sf3b1,1.485260625523148,0.009556949758511735,1
ENSMUSG00000036104,Rab3gap1,1.0078026643444316,0.04599251399827339,1
ENSMUSG00000026587,Astn1,2.0195447508108,0.016280104167721854,1
ENSMUSG00000026575,Nme7,1.089053245609374,0.035857651057373555,1
ENSMUSG00000026490,Cdc42bpa,2.271569281061694,0.04269081619748771,1
ENSMUSG00000027680,Fxr1,1.080485002494162,0.028620025436207397,1
ENSMUSG00000004591,Pkn2,1.2594332523831322,0.0006886216005296819,1
ENSMUSG00000028820,Sfpq,1.174932647867592,0.0338875960239797,1
ENSMUSG00000028580,Pum1,1.0649242851125125,0.02555899783328132,1
ENSMUSG00000006699,Cdc42,1.2713500043019903,0.046915544748147076,1
ENSMUSG00000029467,Atp2a2,1.7348230169478318,0.011797446927618638,1
ENSMUSG00000106395,Gm42439,1.0667955106204323,0.04585427023093041,1
ENSMUSG00000029655,N4bp2l2,1.180152382179158,0.01485277147427333,1
ENSMUSG00000029684,Wasl,1.0101663176175937,0.0021971911793208284,1
ENSMUSG00000029823,Luc7l2,3.9875815573772786,0.028608631887762526,1
ENSMUSG00000041571,Selenow,1.5642460390679769,0.0037141490616117157,1
ENSMUSG00000055932,Fto,1.235895205204561,0.0031648689701772037,1
ENSMUSG00000047409,Ctdspl,1.0588181808235106,0.030841736932808853,1
ENSMUSG00000020321,Mdh1,1.7416185201081724,0.041007374851512846,1
ENSMUSG00000020745,Pafah1b1,3.0876205736208617,0.045894406918240316,1
ENSMUSG00000060073,Psma3,1.4205556171703393,0.045865209149526076,1
ENSMUSG00000032621,Srek1,1.5671021201063808,0.03605869469092482,1
ENSMUSG00000059586,Nsmce2,1.0082950921096736,0.028928330502097595,1
ENSMUSG00000055447,Cd47,1.3399944347767356,0.035008097767099955,1
ENSMUSG00000022974,Paxbp1,1.421934414913017,0.05009231780634127,1
ENSMUSG00000074733,Zfp950,1.1463718374835516,0.048220220925493884,1
ENSMUSG00000031229,Atrx,1.9084530469721876,0.03920000147694902,1
