FeatureID,FeatureName,microglia Average,microglia Log2 Fold Change,microglia P-Value
ENSMUSG00000051504,Siglech,4.320035095850466,9.716221896270635,0
ENSMUSG00000035697,Arhgap45,4.572571112297415,10.174845599767151,0
ENSMUSG00000018654,Ikzf1,3.7072717979472096,10.622932285179045,0
ENSMUSG00000022952,Runx1,2.841972483597004,9.800269674073885,0
ENSMUSG00000117613,Gm2629,3.644272407916734,10.577286047779754,0
ENSMUSG00000048163,Selplg,4.041114719476225,9.485234271687176,1.275065e-317
ENSMUSG00000113856,Gm10790,4.3566501259536485,9.44000663010605,2.03787240636e-313
ENSMUSG00000117404,Gm50035,1.1323736515734177,10.24008817307748,8.648539505698166e-304
ENSMUSG00000052085,Dock8,4.314112076274951,9.350990723523298,8.857340980834392e-304
ENSMUSG00000004609,Cd33,1.1905269346784721,10.033328904317068,8.23076066567799e-300
ENSMUSG00000098112,Bin2,1.2912182674622235,9.77556226721265,3.4317877943563274e-285
ENSMUSG00000015852,Fcrls,2.977663477508797,9.156816482935795,1.703580609928412e-278
ENSMUSG00000038147,Cd84,1.4866779134542114,9.439420712366296,6.47309654506009e-265
ENSMUSG00000030786,Itgam,1.559907973660576,9.34398996587616,5.523881230321445e-263
ENSMUSG00000021423,Ly86,5.1126428063193545,8.855189534531533,3.00336012573596e-252
ENSMUSG00000052160,Pld4,1.541062002283938,9.244414845014164,1.8109090978772021e-249
ENSMUSG00000022148,Fyb,3.947423318918082,8.793739038497092,6.172104054903856e-247
ENSMUSG00000030798,Cd37,2.0908259101567195,8.84156270593287,5.322064485529397e-246
ENSMUSG00000030737,Slco2b1,3.208122784628827,8.773625713284641,2.0468092424208636e-243
ENSMUSG00000024013,Fgd2,2.220593884492998,8.773054736226571,1.689048223539363e-240
ENSMUSG00000102674,8030442B05Rik,1.9249813620423055,8.795327042886115,2.2386838677962746e-239
ENSMUSG00000022901,Cd86,1.1797578081775362,9.20609186235422,2.0300581474793232e-237
ENSMUSG00000028859,Csf3r,1.511446904406364,8.731763062877505,8.147363582367083e-230
ENSMUSG00000024621,Csf1r,4.869260547398201,8.590452546474303,8.96341186851508e-230
ENSMUSG00000018008,Cyth4,2.56843667047323,8.599534939734808,1.0761949936563902e-225
ENSMUSG00000044811,Cd300c2,1.1899884783534254,8.982050470828618,2.1417523765762792e-224
ENSMUSG00000070780,Rbm47,1.591676896838337,8.725088971284057,4.181147039214726e-224
ENSMUSG00000018381,Abi3,1.2131421003304377,8.949874172194672,3.846953340025242e-223
ENSMUSG00000024300,Myo1f,2.2022863694414068,8.58116835007777,4.240555796916645e-220
ENSMUSG00000054675,Tmem119,1.396217250846349,8.578657824061992,1.519330956618413e-215
ENSMUSG00000026288,Inpp5d,7.972922804967949,8.420084416980828,9.545888860749974e-215
ENSMUSG00000002111,Spi1,1.161450293125945,8.794660590069723,1.9133943879627363e-211
ENSMUSG00000020377,Ltc4s,1.6923682296220885,8.501478916652028,2.0750912095044748e-209
ENSMUSG00000000628,Hk2,2.5323600966950948,8.345993051625921,3.458779073475044e-203
ENSMUSG00000020399,Havcr2,1.5792924013622607,8.436888376187067,3.458779073475044e-203
ENSMUSG00000038642,Ctss,7.062931615638859,8.2856817603525,1.2143382805028298e-201
ENSMUSG00000020143,Dock2,3.181199968376487,8.29735340506006,2.3567391722277713e-200
ENSMUSG00000036896,C1qc,6.348400072301757,8.225978015966653,3.876280178994138e-195
ENSMUSG00000044583,Tlr7,1.0402976199904153,8.373634010426002,9.997288907989879e-188
ENSMUSG00000028581,Laptm5,1.9901345773729682,8.173602745690133,6.969669946236809e-185
ENSMUSG00000036887,C1qa,7.2099301923766355,8.005500608161336,2.227951722606189e-176
ENSMUSG00000020101,Vsir,2.1495176495868207,7.993967306405138,5.877783961515938e-174
ENSMUSG00000084796,Mir142hg,2.1581329507875693,7.938046813861407,3.919453695261241e-166
ENSMUSG00000036905,C1qb,6.579397835746834,7.857197419482468,7.483247670598668e-165
ENSMUSG00000042286,Stab1,1.2158343819556716,8.079603333344467,1.3468541012779057e-164
ENSMUSG00000025017,Pik3ap1,1.051605202816398,7.979578599674527,4.906663927701977e-163
ENSMUSG00000032089,Il10ra,1.5453696528843124,7.908196699948983,2.193240121195386e-162
ENSMUSG00000020709,Adap2,2.942663816380755,7.794708780363864,1.4994530629956423e-160
ENSMUSG00000034792,Gna15,1.0451437269158363,7.935462844814352,9.050267992999548e-159
ENSMUSG00000034330,Plcg2,1.2680646454852111,7.864754843985834,1.1255114348068341e-157
ENSMUSG00000026395,Ptprc,2.129594765560089,7.685892096959154,5.510679454301836e-146
ENSMUSG00000005373,Mlxipl,1.251910955733807,7.665256024169598,2.0213655441495932e-143
ENSMUSG00000023992,Trem2,2.0962104734071874,7.5715725748428095,9.830838000247518e-140
ENSMUSG00000036908,Unc93b1,3.307198748437438,7.50345704674271,1.0300998725652875e-139
ENSMUSG00000041797,Abca9,2.0407494719273673,7.510593211862435,1.724911367433956e-136
ENSMUSG00000086507,Adap2os,2.6045132442513657,7.474195630232474,5.9254074830477806e-136
ENSMUSG00000026786,Apbb1ip,5.238103130055259,7.416262576262711,3.007842231289833e-134
ENSMUSG00000027848,Olfml3,1.5717540128116056,7.456917633786292,1.9396486618612524e-130
ENSMUSG00000024965,Fermt3,1.3106026951639083,7.466589711608855,2.896311327053481e-130
ENSMUSG00000048779,P2ry6,1.90236619639034,7.400890517400333,2.610349942824055e-128
ENSMUSG00000012819,Cdh23,2.0509801421032563,7.200795620839268,1.6383562857302483e-114
ENSMUSG00000058715,Fcer1g,1.8872894192890297,7.173552428109787,1.1574927588048829e-113
ENSMUSG00000022488,Nckap1l,1.2675261891601644,7.134146325304154,1.6315180991176526e-109
ENSMUSG00000040229,Gpr34,4.013653446898838,7.03027117428597,7.546258526409676e-108
ENSMUSG00000016087,Fli1,2.5005911735173334,6.921234475129033,5.236486034537432e-102
ENSMUSG00000030579,Tyrobp,1.3768328231446645,6.804247619269591,2.4686256272280952e-92
ENSMUSG00000026365,Cfh,2.424130375360688,6.723130102011813,7.467533734050674e-91
ENSMUSG00000040723,Rcsd1,1.1350659331986517,6.677915387724643,2.59243736046918e-86
ENSMUSG00000022817,Itgb5,3.5031968507544726,6.558969529808051,1.0922839080432019e-84
ENSMUSG00000007613,Tgfbr1,12.344649708022908,6.5489380417476575,1.809323282213991e-84
ENSMUSG00000032359,Ctsh,1.3999864451216768,6.506296557923926,5.430433828638171e-80
ENSMUSG00000100627,A830008E24Rik,1.212603644005391,6.499512996657712,1.5986579007557653e-78
ENSMUSG00000029484,Anxa3,1.8070594268570566,6.402531463945314,9.683991302318657e-76
ENSMUSG00000079227,Ccr5,1.3660636966437285,6.416127938841993,3.4907400632607873e-73
ENSMUSG00000029925,Tbxas1,1.8226746602834138,6.336372592744256,2.7945793850108437e-72
ENSMUSG00000038872,Zfhx3,6.7990880163659275,6.2061436308780795,4.368780075734888e-69
ENSMUSG00000055541,Lair1,2.9582790498071123,6.217380300956094,3.0826379942218064e-68
ENSMUSG00000048120,Entpd1,3.2393532514815413,6.192839694812223,1.3047294588590207e-67
ENSMUSG00000027947,Il6ra,1.404294095722051,6.021254144603239,3.089908864643893e-59
ENSMUSG00000031613,Hpgd,1.3929865128960683,6.049505063151808,4.959380878399586e-59
ENSMUSG00000071042,Rasgrp3,1.6342149465170341,5.962801201810614,1.492543032005623e-58
ENSMUSG00000073538,E330020D12Rik,1.5109084480813173,5.943019980515052,4.1779578778144225e-57
ENSMUSG00000052336,Cx3cr1,4.9893363078836375,5.809250853569757,1.8564522460002163e-53
ENSMUSG00000051212,Gpr183,1.243834110858105,5.774963082907022,5.404791774468665e-50
ENSMUSG00000037922,Bank1,1.2007576048543611,5.779087399723135,1.1468282490910622e-49
ENSMUSG00000028159,Dapp1,1.6439071603678765,5.6917473764658775,5.9960340802685e-49
ENSMUSG00000032440,Tgfbr2,1.8210592913082735,5.461132976763038,3.665005182817895e-42
ENSMUSG00000015133,Lrrk1,1.096835534120329,5.437795836979973,1.281151046662878e-40
ENSMUSG00000056917,Sipa1,1.335371686116061,5.274804590277512,5.749264640098299e-37
ENSMUSG00000047250,Ptgs1,1.3046796755883934,5.1431213619250356,1.5434070737168638e-33
ENSMUSG00000050103,Agmo,3.1208928599712458,5.04081436753446,3.9549980239664597e-32
ENSMUSG00000045777,Ifitm10,3.4628126263759627,5.003264160846153,4.977244975594777e-31
ENSMUSG00000018593,Sparc,2.3961306464582544,4.939626539090453,9.432423078430737e-30
ENSMUSG00000021665,Hexb,12.231035423438033,4.86088388626561,1.7713044304421167e-28
ENSMUSG00000020023,Tmcc3,6.50778314451561,4.850825941734074,2.9016066780004793e-28
ENSMUSG00000033192,Lpcat2,3.552196376333731,4.850904617324572,5.104292552517757e-28
ENSMUSG00000063458,Lrmda,5.418485998945936,4.843831267447193,5.242876190536611e-28
ENSMUSG00000045312,Lhfpl2,1.7090603756985392,4.8418481297757445,1.4598491635800673e-27
ENSMUSG00000023008,Fmnl3,1.2804491409612875,4.825549548050418,3.829886859636702e-27
ENSMUSG00000034165,Ccnd3,3.398197867370347,4.755699371933231,3.6932366496763506e-26
ENSMUSG00000026031,Cflar,1.391371143920928,4.673509623703099,2.00982427029831e-24
ENSMUSG00000020009,Ifngr1,1.5270621378327214,4.662704252436123,2.8889493660689922e-24
ENSMUSG00000027695,Pld1,1.321910277989891,4.53063587213323,4.730052054609509e-22
ENSMUSG00000113313,Gm32036,1.251910955733807,4.542579952381151,5.460577995712633e-22
ENSMUSG00000029468,P2rx7,1.3579868517680265,4.52267800691757,1.3996859099551618e-21
ENSMUSG00000030844,Rgs10,1.517369923981879,4.4823605240533775,3.3884966019327386e-21
ENSMUSG00000020422,Tns3,1.6013691106891794,4.466575923377822,4.834049343435938e-21
ENSMUSG00000074622,Mafb,1.5270621378327214,4.462061225393973,8.050421620562892e-21
ENSMUSG00000019978,Epb41l2,6.3074773915982005,4.411571932980013,1.9594452407958455e-20
ENSMUSG00000039087,Rreb1,3.5871960374617733,4.374840568698737,8.206525023887031e-20
ENSMUSG00000060512,0610040J01Rik,1.8172900970329458,4.3751167706308,1.1486789045343235e-19
ENSMUSG00000031851,Ntpcr,1.0548359407666787,4.37661051335025,1.9933146131189e-19
ENSMUSG00000021556,Golm1,1.979903907197079,4.268762128441219,3.922079298723113e-18
ENSMUSG00000040339,Fam102b,1.8043671452318226,4.271104082667846,4.052888329955127e-18
ENSMUSG00000022912,Pros1,1.1754501575771616,4.244513371586548,1.1107200795282237e-17
ENSMUSG00000028413,B4galt1,1.6471378983181575,4.228917836167622,1.9127464924943638e-17
ENSMUSG00000055485,Soga1,1.268603101810258,4.216322209134988,2.2369843454159187e-17
ENSMUSG00000014361,Mertk,6.83731841544425,4.191905935268143,2.812962947549979e-17
ENSMUSG00000027508,Pag1,5.746405900899436,4.184502644459412,3.505385438814125e-17
ENSMUSG00000021190,Lgmn,4.277497046171769,4.183638148078174,3.6136549827196634e-17
ENSMUSG00000036353,P2ry12,5.776559455102057,4.172221289015336,5.1485416339351334e-17
ENSMUSG00000026748,Plxdc2,13.573407041779703,4.161689635525295,6.271559542562512e-17
ENSMUSG00000039115,Itga9,1.214757469305578,4.187149356388675,6.840746584857167e-17
ENSMUSG00000052384,Nrros,1.3235256469650314,4.16801725410641,9.355176194249918e-17
ENSMUSG00000007891,Ctsd,4.432034011460201,4.151197542588934,9.885895071901964e-17
ENSMUSG00000034663,Bmp2k,2.6260514972532376,4.137821910635583,1.514473736729613e-16
ENSMUSG00000039976,Tbc1d16,1.1679117690265064,4.153717641290569,1.5621878016419154e-16
ENSMUSG00000089794,Gm16337,1.1996806922042675,4.080112618038453,1.459191672348912e-15
ENSMUSG00000042228,Lyn,5.451870291098837,4.037385530983768,2.431249040547453e-15
ENSMUSG00000063506,Arhgap22,1.8043671452318226,4.026685980838239,5.50584795759315e-15
ENSMUSG00000061132,Blnk,1.7747520473542486,4.022889609011967,5.50584795759315e-15
ENSMUSG00000048897,Zfp710,2.9098179805529005,3.949837560494191,2.860148591866567e-14
ENSMUSG00000075284,Wipf1,1.6541378305437657,3.9441670776936464,3.910917053559453e-14
ENSMUSG00000052331,Ankrd44,3.6959642151212266,3.863833476663661,2.419946057439009e-13
ENSMUSG00000016256,Ctsz,1.4952932146549602,3.8609087345569173,3.164806700859761e-13
ENSMUSG00000030671,Pde3b,4.592493996324147,3.8426313258930387,4.095779410878023e-13
ENSMUSG00000028868,Wasf2,2.039134102952227,3.81384857302308,9.163844497968267e-13
ENSMUSG00000027339,Rassf2,1.0930663398450016,3.8146837887088125,1.0790429852661977e-12
ENSMUSG00000029919,Hpgds,3.130585073822088,3.7071084109073267,9.469314842665156e-12
ENSMUSG00000027447,Cst3,37.10879455325023,3.6875340250409843,1.3276879955696056e-11
ENSMUSG00000038608,Dock10,4.300650668148782,3.661412561766584,2.80907565855734e-11
ENSMUSG00000041235,Chd7,1.327294841240359,3.6539351310145225,3.424001697354365e-11
ENSMUSG00000064090,Vrk2,1.1969884105790336,3.649996964123734,4.468181914379969e-11
ENSMUSG00000022747,St3gal6,3.335736933664918,3.6342720294610484,4.5339072071322165e-11
ENSMUSG00000030287,Itpr2,1.6923682296220885,3.63385329384818,5.0792659534002823e-11
ENSMUSG00000059182,Skap2,2.096748929732234,3.6095434307142797,8.303802702146558e-11
ENSMUSG00000062127,Cttnbp2nl,1.992826858998202,3.533160754173558,3.916681908790794e-10
ENSMUSG00000056069,Otulinl,3.4229668583224995,3.479133206769016,1.0009472379064655e-09
ENSMUSG00000036833,Pnpla7,1.8323668741342563,3.4524926914352525,1.7540075760222398e-09
ENSMUSG00000015243,Abca1,1.2136805566554845,3.4481352209913174,2.0158932444250334e-09
ENSMUSG00000037860,Aim2,1.4215246981235488,3.4401981698769717,2.3566177533807453e-09
ENSMUSG00000024985,Tcf7l2,1.1684502253515534,3.4378590703638654,2.605586343601821e-09
ENSMUSG00000052062,Pard3b,1.559907973660576,3.4328532079754472,2.6413851065927145e-09
ENSMUSG00000030064,Frmd4b,3.0751240723422675,3.4208610455207076,3.0166610867294634e-09
ENSMUSG00000003283,Hck,1.0413745326405088,3.4078380161434834,4.859704303183045e-09
ENSMUSG00000101674,4930444A19Rik,1.198603779554174,3.389702459757199,6.326292562797164e-09
ENSMUSG00000079484,Phyhd1,1.9513657219695988,3.3528391876347583,1.010253848987441e-08
ENSMUSG00000084960,B430010I23Rik,1.4096786589725192,3.3409057738133106,1.3305968667505715e-08
ENSMUSG00000041112,Elmo1,11.704963593867312,3.3244625473747145,1.4728321070502201e-08
ENSMUSG00000026393,Nek7,1.7090603756985392,3.331660632461935,1.4920701926158903e-08
ENSMUSG00000030342,Cd9,1.3843712116953195,3.3343652692119297,1.545530768535742e-08
ENSMUSG00000038175,Mylip,1.3579868517680265,3.3332377323090907,1.5647504292308317e-08
ENSMUSG00000035181,Heatr5a,1.2082959934050164,3.330179110590921,1.634697824882981e-08
ENSMUSG00000064373,Selenop,1.2077575370799696,3.3119166140656575,2.1847389552044815e-08
ENSMUSG00000027111,Itga6,1.0774511064186443,3.3126963726871197,2.2323827289222298e-08
ENSMUSG00000020120,Plek,1.0801433880438782,3.2754396676050277,4.1684423045442296e-08
ENSMUSG00000037940,Inpp4b,4.279650871471956,3.2490740334996193,5.629968409693319e-08
ENSMUSG00000045636,Mtus1,1.0844510386442527,3.254346391695792,5.651175457630072e-08
ENSMUSG00000023150,Ivns1abp,3.5005045691292387,3.17961003181426,1.5780228624749917e-07
ENSMUSG00000060477,Irak2,1.3644483276685881,3.1845186149721174,1.6534911039716084e-07
ENSMUSG00000038168,P3h2,1.6035229359893668,3.1671502240119644,2.13222354424608e-07
ENSMUSG00000097887,Gm26542,1.816751640707899,3.0979642593696948,5.607453161171054e-07
ENSMUSG00000027422,Rrbp1,3.452043499875027,3.0892492592846095,5.883819386310015e-07
ENSMUSG00000026425,Srgap2,11.547734346953646,3.0645869130644594,8.072193314408172e-07
ENSMUSG00000060802,B2m,1.294987461737551,3.0700393657217266,8.938608256051065e-07
ENSMUSG00000028708,Mknk1,1.2056037117797824,3.063759344573142,9.361164315496287e-07
ENSMUSG00000022106,Rcbtb2,1.2131421003304377,3.045647494836009,1.201012074111251e-06
ENSMUSG00000097585,E230029C05Rik,3.22104573642995,3.0251515932493747,1.4690285829262415e-06
ENSMUSG00000021846,Peli2,1.0796049317188314,2.9908354354968303,2.5633015681841393e-06
ENSMUSG00000040188,Scamp2,1.1765270702272552,2.981849837730276,2.8369838994448e-06
ENSMUSG00000030557,Mef2a,9.760597804123321,2.9702741225037776,2.9181704690286524e-06
ENSMUSG00000024222,Fkbp5,2.980894215459078,2.9615008271014895,3.551321110548285e-06
ENSMUSG00000017707,Serinc3,3.459581888425682,2.9557637314074077,3.6371727330794866e-06
ENSMUSG00000004508,Gab2,4.409418845808235,2.948908510071874,3.971313635015442e-06
ENSMUSG00000073411,H2-D1,1.04622063956593,2.9202698794706285,6.919013593648938e-06
ENSMUSG00000066406,Akap13,3.0756625286673147,2.8962509504577185,7.823180680493387e-06
ENSMUSG00000029723,Tsc22d4,2.2329783799690746,2.889348846762319,8.596661533200063e-06
ENSMUSG00000005142,Man2b1,1.3601406770682136,2.8921495179787007,8.624052735355132e-06
ENSMUSG00000079671,2610203C22Rik,1.1549888172253833,2.874369527000417,1.092235205267936e-05
ENSMUSG00000008398,Elk3,1.2669877328351176,2.8424485166745312,1.5880687109281812e-05
ENSMUSG00000031214,Ophn1,4.155267460386146,2.8311893101391505,1.6663976753546337e-05
ENSMUSG00000027763,Mbnl1,5.954250042367501,2.8284553484966732,1.701479616166959e-05
ENSMUSG00000017561,Crlf3,1.7322139976755515,2.8275906119354532,1.821991535244856e-05
ENSMUSG00000063849,Ppcdc,1.498523952605241,2.817521823066739,2.0697386604162226e-05
ENSMUSG00000055435,Maf,2.9017411356771987,2.8171145912254816,2.0962523211658677e-05
ENSMUSG00000032020,Ubash3b,2.111287250508498,2.8027060635993246,2.4736515180823605e-05
ENSMUSG00000032067,Pts,1.1275275446479966,2.7801940938827796,3.269330912848069e-05
ENSMUSG00000025283,Sat1,2.9410484474056147,2.7495947169639585,4.390997641988439e-05
ENSMUSG00000031925,Maml2,2.5350523783203287,2.742188091822976,4.8059215624400376e-05
ENSMUSG00000019944,Rhobtb1,1.070451174193036,2.741566132072889,5.0494595817721015e-05
ENSMUSG00000021242,Npc2,1.0036825898872328,2.726160360596734,5.9519655964798807e-05
ENSMUSG00000021639,Gtf2h2,1.5453696528843124,2.7222993858407554,5.976506909555338e-05
ENSMUSG00000071669,Snx29,3.8995007059889164,2.6854433247353446,8.466789778751827e-05
ENSMUSG00000039361,Picalm,3.315814049638187,2.6832087942535052,8.727802913550389e-05
ENSMUSG00000001995,Sipa1l2,1.2012960611794081,2.6689609808845023,0.00010730197942535895
ENSMUSG00000022971,Ifnar2,1.1216045250724818,2.598069797392198,0.0002209959142599554
ENSMUSG00000087475,4933406I18Rik,5.462100961274727,2.5827664044445755,0.00023783298094085355
ENSMUSG00000033713,Foxn3,5.781405562027478,2.573313949520024,0.00025963898821303535
ENSMUSG00000041225,Arhgap12,1.369832890919056,2.5691557794415,0.0002848289209750918
ENSMUSG00000004633,Chn2,2.585128816549681,2.53557916625412,0.00038540367649754937
ENSMUSG00000033209,Ttc28,1.9109814975910888,2.5073343801358683,0.0005002388449592914
ENSMUSG00000026737,Pip4k2a,3.644810864241781,2.4985240795341186,0.0005321690664946653
ENSMUSG00000015745,Plekho1,2.1193640953842,2.4994007270246525,0.0005326610828467371
ENSMUSG00000069662,Marcks,1.8065209705320098,2.491785650255706,0.0005768198273592901
ENSMUSG00000022807,Osbpl11,1.2642954512098834,2.4844157273093552,0.0006230542830568996
ENSMUSG00000016495,Plgrkt,1.5900615278631967,2.4803517902321257,0.0006376455681337964
ENSMUSG00000048490,Nrip1,2.886664358575888,2.4731034784493016,0.0006655436077488669
ENSMUSG00000053012,Krcc1,1.1269890883229499,2.471552876455785,0.0007023609473049795
ENSMUSG00000000149,Gna12,1.2632185385597898,2.467329637269682,0.0007240670369822517
ENSMUSG00000043831,Lysmd4,3.2549684849078986,2.429771641333208,0.0009720257310530572
ENSMUSG00000062078,Qk,8.477994837861846,2.424780501571713,0.0010125536179812745
ENSMUSG00000033705,Stard9,1.2680646454852111,2.426165758335758,0.0010360130086541914
ENSMUSG00000022799,Arhgap31,1.2691415581353047,2.4152456961683004,0.001175530413080444
ENSMUSG00000030691,Fchsd2,3.6081958341385985,2.3953855145168967,0.001297736605885873
ENSMUSG00000035891,Cerk,1.7004450744977904,2.3968891267644215,0.0013116766141774746
ENSMUSG00000026110,Mgat4a,1.8097517084822907,2.3745183167079973,0.0015753030619240537
ENSMUSG00000061143,Maml3,5.272025878533206,2.3686961076860586,0.0016195120013013141
ENSMUSG00000073468,Sft2d1,1.7192910458744284,2.338757025300933,0.002093877105228275
ENSMUSG00000041890,Git2,1.6417533350676894,2.315825691281546,0.0025209686266054634
ENSMUSG00000021720,Rnf180,1.8232131166084606,2.3058741959972604,0.002707642126238858
ENSMUSG00000068015,Lrch1,2.683127867708198,2.281415401940035,0.0032382878698907908
ENSMUSG00000034707,Gns,2.563052107222762,2.2693094069172752,0.0035402416938639697
ENSMUSG00000097589,Dleu2,6.508860057165704,2.264734613599215,0.003616038619086811
ENSMUSG00000085201,Nr6a1os,1.0941432524950951,2.2259917720701896,0.0050090196431502795
ENSMUSG00000037902,Sirpa,3.0428166928394598,2.196663338529575,0.0060150035240382265
ENSMUSG00000032870,Smap2,3.058970382590864,2.1747357513469505,0.006990844608943262
ENSMUSG00000021709,Erbin,1.0586051350420063,2.159519737280039,0.008107566207290464
ENSMUSG00000037926,Ssh2,7.132392481569896,2.1332037819914333,0.00921371368604353
ENSMUSG00000028382,Ptbp3,1.7909057371056527,2.127222951960994,0.009728829557892307
ENSMUSG00000014547,Wdfy2,1.1883731093782848,2.126951691676859,0.00988051290643709
ENSMUSG00000035158,Mitf,1.7182141332243348,2.1171845137687777,0.01046730747635825
ENSMUSG00000033790,Tubgcp5,1.3574483954429797,2.1161769950888596,0.010547816895570411
ENSMUSG00000038349,Plcl1,5.080873883141593,2.0946765631358364,0.012221450996367325
ENSMUSG00000035919,Bbs9,2.386976888932459,2.08781795443235,0.012593388869975911
ENSMUSG00000063253,Scoc,1.3628329586934476,2.087439195137006,0.012875036450605972
ENSMUSG00000027423,Snx5,1.0903740582197674,2.058074730025024,0.01547041888835599
ENSMUSG00000038400,Pmepa1,2.084364434256158,2.019536522777063,0.019317994614772016
ENSMUSG00000040957,Cables1,1.0252208428891048,1.9964675980928863,0.022541272038749696
ENSMUSG00000075595,Zfp652,2.368130917555821,1.9859402928144687,0.02347333451386858
ENSMUSG00000038623,Tm6sf1,1.7031373561230245,1.985671874794984,0.02367000795465302
ENSMUSG00000051864,Tbc1d22a,1.2917567237872702,1.9588681705498192,0.02776483201274647
ENSMUSG00000035133,Arhgap5,4.587109433073679,1.9039984384238333,0.03710096092064729
ENSMUSG00000035953,Pip4p1,1.5728309254616992,1.8986971571912115,0.03869021571287201
ENSMUSG00000030447,Cyfip1,2.274439516997678,1.8956875246196825,0.039040529142695506
ENSMUSG00000056216,Cebpg,1.0052979588623734,1.8908290631730267,0.04082551355340616
ENSMUSG00000036943,Rab8b,1.6993681618476968,1.882055190539342,0.04247208176353387
ENSMUSG00000025880,Smad7,1.003144133562186,1.8745758765967635,0.04481904460829902
ENSMUSG00000039621,Prex1,1.2971412870377381,1.8660677318608614,0.046366376817598434
ENSMUSG00000040940,Arhgef1,1.4726780490029947,1.829466318345939,0.055714556916745164
ENSMUSG00000030272,Camk1,1.7160603079241477,1.8279119308221419,0.05607169397480611
ENSMUSG00000020935,Dcakd,1.0548359407666787,1.811917061747963,0.06119722398900543
ENSMUSG00000030199,Etv6,2.584590360224634,1.8081938662235568,0.06167243781472913
ENSMUSG00000042410,Agps,1.0295284934894793,1.8093646763380162,0.06202301745220387
ENSMUSG00000022311,Csmd3,21.01325808495132,1.7917142183974386,0.0664537727717576
ENSMUSG00000039206,Daglb,1.067220436242755,1.7888114878927204,0.06854241025971189
ENSMUSG00000112437,Gm35188,5.588099741335678,1.7796078335196066,0.0705537822473027
ENSMUSG00000021224,Numb,5.968249906818717,1.7740525617133547,0.07210050743731578
ENSMUSG00000008496,Pou2f2,1.4791395249035562,1.7735656132271624,0.07257718397617292
ENSMUSG00000045078,Rnf216,1.9782885382219386,1.772410084373373,0.07260706071835143
ENSMUSG00000053819,Camk2d,2.5915902924502423,1.766504416693409,0.07478131665556864
ENSMUSG00000021978,Extl3,1.6229073636910514,1.7582476150363426,0.07811439954546752
ENSMUSG00000025860,Xiap,1.3149103457642826,1.7479836150966908,0.08185874984928211
ENSMUSG00000021939,Ctsb,2.175363553189067,1.7409073670166768,0.08405092537315323
ENSMUSG00000021218,Gdi2,1.6245227326661917,1.7384374297886134,0.08511801299052364
ENSMUSG00000040990,Sh3kbp1,1.857135865086409,1.7377741773177888,0.08532923621685636
ENSMUSG00000042328,Hps4,1.3019873939631594,1.7368495800312562,0.08591956193657065
ENSMUSG00000035967,Ints6l,1.433909193599625,1.7310798953823348,0.0881213467521458
ENSMUSG00000030766,Arhgap17,1.7009835308228374,1.727118201952119,0.08937464541282511
ENSMUSG00000044950,Pwwp2a,1.588984615213103,1.7245287434044687,0.0905931323682364
ENSMUSG00000034709,Ppp1r21,1.417755503848221,1.706424751936268,0.09883299311632916
ENSMUSG00000026074,Map4k4,1.9917499463481085,1.6991643530285703,0.10161500703045549
ENSMUSG00000024381,Bin1,2.348746489854136,1.6997982172550328,0.10161500703045549
ENSMUSG00000027660,Skil,1.0709896305180828,1.6992250469217962,0.10256811099857867
ENSMUSG00000045962,Wnk1,2.9076641552527134,1.6835341919897748,0.10799278378687702
ENSMUSG00000060579,Fhit,2.782742287841856,1.6769674500322758,0.11139718710710805
ENSMUSG00000019920,Lims1,1.8894432445892169,1.6744839674763432,0.11277906916586435
ENSMUSG00000026249,Serpine2,1.1749117012521149,1.658587633530272,0.12222633683041757
ENSMUSG00000053580,Tanc2,14.730549684305274,1.6423482926945967,0.12787773559629967
ENSMUSG00000053641,Dennd4a,4.711492844159489,1.6426396812041448,0.12800709969317325
ENSMUSG00000028163,Nfkb1,1.3197564526897037,1.6424048298049767,0.1291648186075536
ENSMUSG00000024776,Stambpl1,1.2077575370799696,1.6314077820901915,0.13572196003040016
ENSMUSG00000028565,Nfia,3.302352641512017,1.6228303627519336,0.13988408741993674
ENSMUSG00000040430,Pitpnc1,2.365438635930587,1.622216732976305,0.140794994823127
ENSMUSG00000017677,Wsb1,1.198603779554174,1.6190166375865498,0.14275650985095287
ENSMUSG00000007817,Zmiz1,1.3666021529687753,1.6171135848636924,0.14363693740897074
ENSMUSG00000032046,Abhd12,2.6179746523775353,1.6147293752740086,0.14410919933732433
ENSMUSG00000037706,Cd81,3.0223553524876814,1.6141408880866062,0.14458927503205063
ENSMUSG00000052681,Rap1b,1.2212189452061395,1.6100396291773338,0.1474250140259537
ENSMUSG00000035954,Dock4,8.141998091032644,1.594616151648196,0.15558422588673226
ENSMUSG00000024535,Snx24,1.975057800271658,1.590119727968192,0.15927520997795813
ENSMUSG00000022270,Retreg1,1.2023729738295017,1.5873083421108467,0.1617901359023046
ENSMUSG00000028788,Ptp4a2,1.3477561815921373,1.585069082534434,0.16297929794409907
ENSMUSG00000029050,Ski,1.286910616861849,1.5777713500518047,0.16773934204882027
ENSMUSG00000038740,Mvb12b,1.1248352630227627,1.563889161350797,0.17798807600324903
ENSMUSG00000041417,Pik3r1,2.618513108702582,1.5601251918565062,0.17934777332944052
ENSMUSG00000021477,Ctsl,1.5523695851099208,1.5552771829270402,0.18325656653713412
ENSMUSG00000022443,Myh9,1.1765270702272552,1.5501104004057031,0.1877993427869147
ENSMUSG00000003746,Man1a,1.3929865128960683,1.5487249511946675,0.1894625269539044
ENSMUSG00000021725,Parp8,1.3132949767891422,1.539110652498091,0.1952864881721528
ENSMUSG00000031709,Tbc1d9,1.4457552327506547,1.5354409514591767,0.19792554027694434
ENSMUSG00000057672,Pkn1,1.169527138001647,1.5341383377017865,0.19921098360041856
ENSMUSG00000022180,Slc7a8,1.6568301121689997,1.5317788930510294,0.20008584410371924
ENSMUSG00000022781,Pak2,1.599753741714039,1.5316011189189176,0.2002214338085553
ENSMUSG00000068798,Rap1a,1.3784481921198048,1.5272813910518068,0.20382587139363653
ENSMUSG00000027130,Slc12a6,2.644359012304829,1.5190595503208169,0.20891651224800883
ENSMUSG00000027087,Itgav,1.3251410159401718,1.5196246172265573,0.20989452073776368
ENSMUSG00000052512,Nav2,11.763655333297413,1.5138700844302542,0.21196990463858342
ENSMUSG00000032554,Trf,1.040836076315462,1.523532490177325,0.2124511643218134
ENSMUSG00000050708,Ftl1,1.1840654587779105,1.5118293558861478,0.2163711600399553
ENSMUSG00000045658,Pid1,2.763357860140171,1.5039209652641146,0.22061310950196852
ENSMUSG00000049659,Aftph,1.4872163697792582,1.48450908724051,0.23730531792154516
ENSMUSG00000030629,Zfand6,1.1684502253515534,1.4701647626228465,0.2502085405214637
ENSMUSG00000063972,Nr6a1,2.8855874459257946,1.4619745184237158,0.25567239844622025
ENSMUSG00000038773,Kdm3b,1.1738347886020213,1.4547463386483366,0.26255873620565096
ENSMUSG00000056515,Rab31,1.6826760157712461,1.4495028873656877,0.2682958330770096
ENSMUSG00000039191,Rbpj,1.2486802177835263,1.447613825987554,0.2693378885428918
ENSMUSG00000022587,Ly6e,1.8205208349832267,1.446047028800677,0.2699134972989659
ENSMUSG00000022378,Fam49b,3.842962791859003,1.438409643661605,0.2746020583899255
ENSMUSG00000034342,Cbl,1.1415274090992134,1.4352583782386021,0.2789875607791749
ENSMUSG00000049775,Tmsb4x,5.224103265604041,1.421833263674524,0.2893354033886632
ENSMUSG00000056608,Chd9,5.916019643289178,1.418998805765158,0.2915932014305157
ENSMUSG00000029616,Erp29,1.1765270702272552,1.4186480701763415,0.29433705009261313
ENSMUSG00000006333,Rps9,1.1856808277530508,1.413333832387928,0.29947734829654277
ENSMUSG00000033335,Dnm2,1.5556003230602016,1.4055862855067276,0.30488466707429723
ENSMUSG00000016534,Lamp2,1.3892173186207408,1.402178254632033,0.30875671668868065
ENSMUSG00000004207,Psap,2.6077439822016464,1.3898418435293463,0.3202079207757829
ENSMUSG00000022108,Itm2b,6.3704767816286765,1.3854219524017772,0.32392390023817935
ENSMUSG00000070372,Capza1,1.0898356018947206,1.3872354641615183,0.32415649004535885
ENSMUSG00000031129,Slc9a9,5.038335833462896,1.3778385449756079,0.3319017806500426
ENSMUSG00000023923,Tbc1d5,3.847270442459377,1.3749240413585977,0.33473766933191595
ENSMUSG00000000326,Comt,1.618599713090677,1.370919076569943,0.34020266234913277
ENSMUSG00000036503,Rnf13,1.7725982220540615,1.3641537254087928,0.34747131535607484
ENSMUSG00000022708,Zbtb20,4.05026847700202,1.3637040634534412,0.3478970920354655
ENSMUSG00000038271,Iffo1,1.2422187418829647,1.361530904556662,0.3502519556460788
ENSMUSG00000024544,Ldlrad4,6.898702436499586,1.3485931337473744,0.3627227886197184
ENSMUSG00000029629,Phf14,2.7057430333601635,1.3409977419622354,0.3708175799633415
ENSMUSG00000028149,Rap1gds1,3.962500096019392,1.3369205838211888,0.37457687372939097
ENSMUSG00000020134,Peli1,1.021990104938824,1.3281843414845191,0.3870721936419693
ENSMUSG00000114150,Gm46367,2.3912845395328333,1.3245969925770524,0.38837976533370855
ENSMUSG00000024052,Lpin2,2.03698027765204,1.3239852642075731,0.3891125313259265
ENSMUSG00000041992,Rapgef5,4.457879915062447,1.3229944984984376,0.3896438674907409
ENSMUSG00000037062,Sh3glb1,1.6336764901919874,1.3220973601873238,0.39192783354091126
ENSMUSG00000038910,Plcl2,4.081498943854735,1.31818508966128,0.3944930256709093
ENSMUSG00000023026,Dip2b,5.765790328601121,1.3143642879999915,0.3987257880693123
ENSMUSG00000030760,Acer3,1.479677981228603,1.298210432108747,0.4191124152530141
ENSMUSG00000091908,Gm17231,1.251910955733807,1.2973328839919964,0.42057897774690284
ENSMUSG00000054693,Adam10,1.6762145398706845,1.2962970752209007,0.42066436794493917
ENSMUSG00000039531,Zup1,1.2863721605368021,1.2950589678983349,0.42269880689966627
ENSMUSG00000037805,Rpl10a,1.043528357940696,1.2944895804967036,0.4250850748679547
ENSMUSG00000040249,Lrp1,1.9707501496712834,1.2863478922045313,0.4320406483657097
ENSMUSG00000038733,Wdr26,1.0973739904453759,1.2736784740666456,0.4483276936629107
ENSMUSG00000054640,Slc8a1,10.079902404876073,1.2705471841343292,0.4494002209931994
ENSMUSG00000025583,Rptor,1.8991354584400593,1.2596767155336237,0.4626800312459503
ENSMUSG00000059923,Grb2,1.329448666540546,1.2590167628840843,0.46434191358317484
ENSMUSG00000038481,Cdk19,1.2852952478867086,1.2581845381018761,0.4660854176904282
ENSMUSG00000015733,Capza2,1.5270621378327214,1.2559440277490963,0.4672418680293768
ENSMUSG00000042699,Dhx9,1.030066949814526,1.256058854307235,0.467629265212009
ENSMUSG00000006169,Clint1,1.3989095324715832,1.2511012891989233,0.4728506988739589
ENSMUSG00000041685,Fcho2,2.1430561736862592,1.2486573961904182,0.4747518023940235
ENSMUSG00000028478,Clta,1.8377514373847241,1.248430199468231,0.47510459786239506
ENSMUSG00000032846,Zswim6,2.237286030569449,1.2387754412767977,0.48618974055650926
ENSMUSG00000064357,mt-Atp6,1.992826858998202,1.241103188868333,0.48696199657328554
ENSMUSG00000020700,Map3k3,1.6864452100465737,1.2345286783606884,0.49145689984344976
ENSMUSG00000064354,mt-Co2,1.8959047204897783,1.22995889429706,0.49960171712496093
ENSMUSG00000025862,Stag2,1.2567570626592284,1.2249581229848632,0.5031498769420789
ENSMUSG00000035354,Uvrag,2.3552079657546976,1.2225635061771714,0.5049496394234054
ENSMUSG00000034892,Rps29,2.062826181254286,1.2214658493510775,0.5069467772888848
ENSMUSG00000035064,Eef2k,1.2260650521315608,1.2147350737297586,0.5161707353325087
ENSMUSG00000026473,Glul,1.447370601725795,1.210520519424746,0.5220034224767002
ENSMUSG00000039428,Tmem135,2.073595307755222,1.208599011076375,0.5220034224767002
ENSMUSG00000064351,mt-Co1,3.7530405855761875,1.2087970410890312,0.5251427071331606
ENSMUSG00000021686,Ap3b1,1.1043739226709843,1.2056946562918163,0.5266023955101956
ENSMUSG00000024238,Zeb1,2.517821775918831,1.2049291374213311,0.526653345652584
ENSMUSG00000004798,Ulk2,2.3772846750816163,1.1993103854330318,0.5332927982448699
ENSMUSG00000022415,Syngr1,1.5453696528843124,1.1982241558864843,0.5348997302291433
ENSMUSG00000041765,Ubac2,1.1092200295964054,1.1981483590048767,0.5354641674080294
ENSMUSG00000020590,Snx13,1.3170641710644697,1.1972126562744803,0.53617050983242
ENSMUSG00000058761,Rnf169,3.2291225813056523,1.1953249491272047,0.5371133759169224
ENSMUSG00000045128,Rpl18a,1.1194506997722946,1.1845997225289537,0.553895689758837
ENSMUSG00000005360,Slc1a3,1.4462936890757014,1.1768771338003075,0.565557895949608
ENSMUSG00000015090,Ptgds,5.33879446283901,1.1867601127246727,0.5716534768961601
ENSMUSG00000030315,Vgll4,1.1286044572980902,1.169909076756996,0.5716534768961601
ENSMUSG00000020719,Ddx5,6.7538576850619965,1.1623382642329185,0.577418898404587
ENSMUSG00000024081,Cebpz,1.2852952478867086,1.157016253850491,0.586554839600156
ENSMUSG00000029647,Pan3,2.3245159552270303,1.1467976287803439,0.5993612204266429
ENSMUSG00000025958,Creb1,1.2901413548121299,1.1363757147904963,0.6157935397784817
ENSMUSG00000007815,Rhoa,1.1463735160246344,1.1361438815321478,0.616398646170064
ENSMUSG00000038274,Fau,2.4548223858883556,1.1293703915700795,0.6241464214612722
ENSMUSG00000064358,mt-Co3,2.6077439822016464,1.1286521678724322,0.6269387280968053
ENSMUSG00000025314,Ptprj,4.03519169990071,1.1156879857671909,0.6414654153851751
ENSMUSG00000022255,Mtdh,2.9771250211837503,1.1107101970524909,0.6482754273613628
ENSMUSG00000031591,Asah1,1.212065187680344,1.11119425304202,0.6493864961680231
ENSMUSG00000027540,Ptpn1,1.6627531317445146,1.108988325601382,0.6513119074121223
ENSMUSG00000064363,mt-Nd4,1.3929865128960683,1.1107310695337018,0.6552377175742641
ENSMUSG00000027364,Usp50,1.075835737443504,1.1027379863337874,0.6603121935207972
ENSMUSG00000039759,Thap3,1.2885259858369895,1.1018510089217008,0.6608830966966547
ENSMUSG00000028796,Phc2,1.5270621378327214,1.093374735891353,0.6722076402494614
ENSMUSG00000034480,Diaph2,4.9187985293025065,1.0910466458766308,0.6734763374363946
ENSMUSG00000019998,Stx7,1.0149901727132156,1.0915456876674776,0.6759205935569729
ENSMUSG00000031137,Fgf13,2.1872095923400967,1.089690801346097,0.6795813766733775
ENSMUSG00000027940,Tpm3,1.5195237492820661,1.0847786547984517,0.6851438005573125
ENSMUSG00000032479,Map4,1.9901345773729682,1.0839459757844765,0.685838707013921
ENSMUSG00000025898,Cwf19l2,1.1528349919251961,1.0834182735900648,0.6870229590797605
ENSMUSG00000043004,Gng2,1.4882932824293518,1.0825310950069431,0.687735531642844
ENSMUSG00000028277,Ube2j1,1.1162199618220139,1.081148768127828,0.6900156534310293
ENSMUSG00000021666,Gfm2,1.013913260063122,1.0801514356634243,0.6911762367374658
ENSMUSG00000064370,mt-Cytb,1.6896759479968544,1.0801520218923573,0.6946286232007782
ENSMUSG00000004980,Hnrnpa2b1,4.148805984485584,1.07549394373105,0.6951338455217384
ENSMUSG00000038127,Ccdc50,1.3213718216648442,1.0706882941386269,0.704002977674084
ENSMUSG00000031447,Lamp1,1.6649069570447017,1.0680398473112422,0.707648054196753
ENSMUSG00000028530,Jak1,1.3703713472441028,1.0669387783488524,0.7089427716933768
ENSMUSG00000028173,Wls,1.0892971455696738,1.0655590459800526,0.7110292887207144
ENSMUSG00000090386,Mir99ahg,7.138315501145411,1.0631790336026625,0.7110292887207144
ENSMUSG00000035901,Dennd5a,1.1059892916461247,1.064342331305824,0.7113397379253403
ENSMUSG00000022855,Senp2,1.1566041862005236,1.0630188839543449,0.7129862368235037
ENSMUSG00000031627,Irf2,1.8232131166084606,1.0537685801928813,0.7235214114032669
ENSMUSG00000064341,mt-Nd1,1.1792193518524894,1.056194509546888,0.7244340039557823
ENSMUSG00000056476,Med12l,2.096748929732234,1.0513115407558047,0.7258390826050116
ENSMUSG00000027598,Itch,1.8991354584400593,1.050481799873574,0.7267277252411133
ENSMUSG00000026872,Zeb2,6.376399801204191,1.0479089852680878,0.728520835950775
ENSMUSG00000027630,Tbl1xr1,1.3359101424411077,1.0454763044663251,0.7333296873958827
ENSMUSG00000042082,Arsb,1.5717540128116056,1.0438891647934856,0.7345548905854401
ENSMUSG00000028514,Usp24,1.2556801500091348,1.0355297739292857,0.7475967677300457
ENSMUSG00000057335,Cep170,1.166296400051366,1.0297743484842197,0.7540029511790348
ENSMUSG00000053436,Mapk14,1.2669877328351176,1.0208348953763593,0.7640773359350833
ENSMUSG00000003429,Rps11,1.0661435235926615,1.0214454033403269,0.764686603538348
ENSMUSG00000055024,Ep300,1.1108353985715458,1.0204242592630173,0.7647611015190983
ENSMUSG00000029550,Sppl3,1.45329362130131,1.0142554939833857,0.7718473379868045
ENSMUSG00000070738,Dgkd,1.7036758124480713,1.0100070678765212,0.7770528051284594
ENSMUSG00000025290,Rps24,1.4936778456798196,1.0105400878818176,0.7773477718696417
ENSMUSG00000067288,Rps28,1.0693742615429422,1.0098146618589685,0.7788406633240184
ENSMUSG00000060636,Rpl35a,1.3224487343149378,1.0075242934111928,0.7811561592024602
ENSMUSG00000035248,Tut7,1.2594493442844623,1.000028636021218,0.7896482435028364
ENSMUSG00000020460,Rps27a,1.420986241798502,0.9987878745733729,0.7916693240384779
ENSMUSG00000025809,Itgb1,1.2061421681048292,0.9983210623081689,0.7919492567942229
ENSMUSG00000021262,Evl,1.174373244927068,0.9966367097530582,0.7942795477960626
ENSMUSG00000059005,Hnrnpa3,1.5717540128116056,0.9957366769525158,0.7950890139479515
ENSMUSG00000039844,Rapgef1,1.0618358729922872,0.9890040308416779,0.8046101760493565
ENSMUSG00000030451,Herc2,2.9550483118568316,0.9868601043936446,0.8056408736472147
ENSMUSG00000030744,Rps3,1.0273746681892921,0.9875743577971922,0.8070754309187027
ENSMUSG00000060938,Rpl26,1.048912921191164,0.9871294640691797,0.8076702345520809
ENSMUSG00000023010,Tmbim6,1.3213718216648442,0.9766392794790957,0.8195055370695835
ENSMUSG00000021983,Atp8a2,3.4364282664486696,0.9720235726975428,0.8247175741157923
ENSMUSG00000027751,Supt20,1.5286775068078617,0.9611659542148967,0.8389812292348512
ENSMUSG00000047804,Akap10,1.1700655943266938,0.9601869484112968,0.8399988820380212
ENSMUSG00000041841,Rpl37,1.6999066181727436,0.9530743330001377,0.8507156841095653
ENSMUSG00000021738,Atxn7,1.1366813021737923,0.9520609997564672,0.8514530712741942
ENSMUSG00000049517,Rps23,1.1302198262732306,0.9522951294364028,0.8517368970174913
ENSMUSG00000037742,Eef1a1,2.151133018561961,0.9494473115614256,0.8529971013830404
ENSMUSG00000097039,Pvt1,1.1032970100208908,0.9498331120870575,0.8536403302424935
ENSMUSG00000022141,Nipbl,2.1904403302903774,0.9415543994581651,0.8611002729688182
ENSMUSG00000039159,Ube2h,1.653599374218719,0.9399309154434907,0.8633900687578321
ENSMUSG00000028081,Rps3a1,1.3450638999669033,0.940336645878241,0.8638458897021213
ENSMUSG00000062006,Rpl34,1.01929782331359,0.9410067748060281,0.8638458897021213
ENSMUSG00000032624,Eml4,1.5130622733815045,0.9371599666346888,0.865805694938758
ENSMUSG00000030213,Atf7ip,1.2750645777108194,0.9365252384356779,0.8671008373032835
ENSMUSG00000058835,Abi1,1.6331380338669406,0.9338457263412943,0.869960954097448
ENSMUSG00000101970,1810026B05Rik,1.0844510386442527,0.9324024491990806,0.8720020261471616
ENSMUSG00000020166,Cnot2,1.637445684467315,0.9297961604087358,0.8741959492108458
ENSMUSG00000022961,Son,7.566388279557616,0.9286187578618808,0.8741959492108458
ENSMUSG00000039001,Rps21,1.7898288244555591,0.9272658185795241,0.8774427462422233
ENSMUSG00000007892,Rplp1,2.5275139897696732,0.9171908354447498,0.8887123765083256
ENSMUSG00000058600,Rpl30,1.1921423036536125,0.9173343472042849,0.8894857399244117
ENSMUSG00000040270,Bach2,1.7860596301802314,0.9148583895524681,0.8910455879665421
ENSMUSG00000034613,Ppm1h,2.5054372804427545,0.9101674972366933,0.8974422353043351
ENSMUSG00000038332,Sesn1,1.8345206994344434,0.9059934542994728,0.9010656201635865
ENSMUSG00000027303,Ptpra,1.8425975443101454,0.9055511731393363,0.9010997928935386
ENSMUSG00000064345,mt-Nd2,1.0747588247934103,0.9073292399246412,0.9023996563650389
ENSMUSG00000002985,Apoe,5.630637791014375,0.9031622651804654,0.9057893242419992
ENSMUSG00000052146,Rps10,1.2029114301545485,0.9013899860674358,0.9070643901408139
ENSMUSG00000035992,Fnip1,1.2632185385597898,0.8997332453534997,0.908476020252003
ENSMUSG00000105361,AY036118,4.363650058179257,0.8965594162633663,0.9111345571874224
ENSMUSG00000033487,Fndc3a,1.0876817765945335,0.8964047997192344,0.9123683076028893
ENSMUSG00000041453,Rpl21,1.6632915880695613,0.8946042734783137,0.9146527086333553
ENSMUSG00000071415,Rpl23,1.407524833672332,0.8932276875399018,0.9158812272971392
ENSMUSG00000026341,Actr3,1.1485273413248218,0.8917816659519212,0.9165809782683632
ENSMUSG00000022749,Tbc1d23,1.1948345852788465,0.8874021413052222,0.9207531370444929
ENSMUSG00000019916,P4ha1,1.2885259858369895,0.8872242733225864,0.9208086428968513
ENSMUSG00000046330,Rpl37a,1.4263708050489698,0.8866554174595472,0.9216837004504429
ENSMUSG00000020522,Mfap3,1.083912582319206,0.8855087501416212,0.9223298183640436
ENSMUSG00000026131,Dst,6.119017677831821,0.8828999597162279,0.9232902421946325
ENSMUSG00000042331,Specc1,2.556052174997154,0.883041419059176,0.9238524917029391
ENSMUSG00000063873,Slc24a3,1.8829817686886552,0.8827934933818136,0.9250101900140374
ENSMUSG00000071369,Map3k5,1.3526022885175584,0.8826912985232391,0.9250101900140374
ENSMUSG00000041763,Tpp2,1.0510667464913512,0.8812813626070868,0.927060494467467
ENSMUSG00000054737,Zfp182,1.0338361440898536,0.8787585189052244,0.929580268209592
ENSMUSG00000027782,Kpna4,1.6864452100465737,0.8754627079077275,0.9318717168642761
ENSMUSG00000006699,Cdc42,2.249132069720478,0.8749399100607727,0.9318717168642761
ENSMUSG00000061477,Rps7,1.1356043895236985,0.8765997070440427,0.9318717168642761
ENSMUSG00000033697,Arhgap39,1.6632915880695613,0.8712773953285171,0.9359875251608714
ENSMUSG00000028790,Khdrbs1,1.0537590281165852,0.8642177052768485,0.9434314597230974
ENSMUSG00000024251,Thada,1.0332976877648068,0.8639496969605742,0.9434314597230974
ENSMUSG00000026034,Clk1,2.191517242940471,0.8606732684351075,0.9445301482455036
ENSMUSG00000032097,Ddx6,1.054297484441632,0.8601167619358288,0.9462432022823958
ENSMUSG00000063457,Rps15,1.0962970777952823,0.8605498181518274,0.9462432022823958
ENSMUSG00000047126,Cltc,1.6035229359893668,0.8583135081559248,0.9478561391630322
ENSMUSG00000014195,Dnajc7,1.172219419626881,0.8579166899190812,0.9485958201027304
ENSMUSG00000025508,Rplp2,1.1307582825982774,0.8579654603047837,0.9491204754838857
ENSMUSG00000037266,Rsrp1,5.114258175294495,0.8554763139320951,0.9495521685569275
ENSMUSG00000022283,Pabpc1,1.1560657298754768,0.8555793366451414,0.9502718117691368
ENSMUSG00000054391,4930517O19Rik,1.0117594347629348,0.8535718756475054,0.9527240957144434
ENSMUSG00000039968,Rsbn1l,1.2901413548121299,0.8522093077199822,0.9538896749965636
ENSMUSG00000057863,Rpl36,1.0069133278375137,0.8517397516307094,0.9551975654516192
ENSMUSG00000078671,Chd2,1.8081363395071501,0.8468698287411773,0.9595999339577016
ENSMUSG00000036879,Phkb,1.0796049317188314,0.8477849058529067,0.9595999339577016
ENSMUSG00000008348,Ubc,1.0289900371644325,0.8475348536863089,0.959797107690164
ENSMUSG00000021134,Srsf5,1.8469051949105197,0.8451874458265695,0.9612484010026402
ENSMUSG00000074884,Serf2,1.2782953156611003,0.8454114094025001,0.9615803982861059
ENSMUSG00000059291,Rpl11,1.316525714739423,0.8424288256366681,0.9658136065628055
ENSMUSG00000060012,Kif13b,1.0634512419674276,0.8387343160746121,0.9693495557820605
ENSMUSG00000054611,Kdm2a,1.4199093291484084,0.8366640081015913,0.9702576335715277
ENSMUSG00000032405,Pias1,1.5647540805859972,0.8359913809841842,0.9710397830791448
ENSMUSG00000035268,Pkig,1.5216775745822533,0.8342847912804751,0.9718806637937896
ENSMUSG00000057322,Rpl38,1.8178285533579925,0.8242292421096452,0.9808930837446136
ENSMUSG00000022105,Rb1,1.3240641032900782,0.8225733531471382,0.9812778827496221
ENSMUSG00000047675,Rps8,2.434899501861624,0.8215636676404988,0.9819436988490983
ENSMUSG00000032217,Rnf111,1.3321409481657802,0.8180822766232483,0.9858700851172977
ENSMUSG00000000740,Rpl13,2.0262111511511036,0.8149495352213415,0.9894810961200301
ENSMUSG00000027248,Pdia3,1.1576810988506174,0.8140876707218112,0.9900328097039864
ENSMUSG00000041408,Wapl,1.1754501575771616,0.8052894788860808,0.9960605819178795
ENSMUSG00000006304,Arpc2,1.5448311965592656,0.8044852088705523,0.9966327330993685
ENSMUSG00000032518,Rpsa,1.3666021529687753,0.8052186882060497,0.9966327330993685
ENSMUSG00000034602,Mon2,1.1016816410457502,0.8043736004142181,0.9966327330993685
ENSMUSG00000020368,Canx,1.4064479210222383,0.8036292110649941,0.9973190738978891
ENSMUSG00000061665,Cd2ap,1.7354447356258325,0.8019109989417297,0.9990065786800455
ENSMUSG00000025907,Rb1cc1,1.3149103457642826,0.09111150119311856,1
ENSMUSG00000051285,Pcmtd1,1.5561387793852484,0.30011683496815933,1
ENSMUSG00000067851,Arfgef1,1.1000662720706098,0.1966214705992927,1
ENSMUSG00000005886,Ncoa2,1.5475234781844995,0.18571960490624762,1
ENSMUSG00000026155,Smap1,1.2217574015311863,0.12757541071627515,1
ENSMUSG00000048874,Phf3,1.5206006619321597,0.1527733139155527,1
ENSMUSG00000037503,Fam168b,1.1226814377225753,0.5818000676321625,1
ENSMUSG00000061518,Cox5b,1.2077575370799696,0.7684828416169831,1
ENSMUSG00000026083,Eif5b,1.1070662042962183,0.3493795390229685,1
ENSMUSG00000025982,Sf3b1,2.279285623923099,0.6312899509768579,1
ENSMUSG00000026021,Sumo1,1.0176824543384497,0.11836261727329773,1
ENSMUSG00000067336,Bmpr2,1.0026056772371392,0.5611131420658443,1
ENSMUSG00000051344,Plekhm3,1.1172968744721075,0.7292207697259122,1
ENSMUSG00000026004,Kansl1l,1.7478292311019088,0.26262304739113174,1
ENSMUSG00000004364,Cul3,1.0397591636653685,0.44515961630401124,1
ENSMUSG00000026219,Trip12,1.4893701950794453,0.27773510397018036,1
ENSMUSG00000026223,Itm2c,1.1420658654242601,0.3134650740925777,1
ENSMUSG00000026234,Ncl,1.0586051350420063,0.4761938341789036,1
ENSMUSG00000026238,Ptma,1.2190651199059523,0.4567020037198209,1
ENSMUSG00000053333,Dis3l2,1.1797578081775362,0.07896403096324392,1
ENSMUSG00000036155,Mgat5,2.1522099312120546,0.6873780736283468,1
ENSMUSG00000026349,Ccnt2,1.2179882072558588,0.2853634223597153,1
ENSMUSG00000036104,Rab3gap1,1.2750645777108194,0.38626287530297954,1
ENSMUSG00000054387,Mdm4,1.1889115657033316,0.46374910451442286,1
ENSMUSG00000098243,Gm4258,1.814059359082665,0.26019963330161466,1
ENSMUSG00000006005,Tpr,1.7882134554804188,0.2469493381406922,1
ENSMUSG00000033671,Cep350,1.0236054739139644,0.46829930935898645,1
ENSMUSG00000040225,Prrc2c,1.5739078381117928,0.08352871148463736,1
ENSMUSG00000026663,Atf6,1.1592964678257578,0.2121550265025972,1
ENSMUSG00000026504,Sdccag8,1.3342947734659674,0.6377127156016789,1
ENSMUSG00000055067,Smyd3,2.8812797953254203,0.3910381368160061,1
ENSMUSG00000026657,Frmd4a,6.674704605280118,0.3018682403308137,1
ENSMUSG00000039145,Camk1d,5.125027301795431,0.5871030441404606,1
ENSMUSG00000043241,Upf2,1.3768328231446645,0.5843850290720622,1
ENSMUSG00000025781,Atp5c1,1.088758689244627,0.42897422551450703,1
ENSMUSG00000057914,Cacnb2,3.1742000361508786,0.3328669705513039,1
ENSMUSG00000026743,Mllt10,1.9029046527153868,0.23803484884390602,1
ENSMUSG00000026740,Dnajc1,1.7682905714536872,0.17600551335881798,1
ENSMUSG00000036893,Ehmt1,1.0855279512943463,0.23791149038698917,1
ENSMUSG00000075415,Fnbp1,1.5507542161347805,0.3432984756091577,1
ENSMUSG00000039195,1110008P14Rik,1.1334505642235113,0.3623913602362767,1
ENSMUSG00000026867,Gapvd1,1.1727578759519277,0.5143675975735538,1
ENSMUSG00000026878,Rab14,1.4856010008041178,0.5637482240364772,1
ENSMUSG00000035437,Rabgap1,1.5340620700583296,0.03643860021995404,1
ENSMUSG00000035392,Dennd1a,2.4978988918920995,0.008157001174980305,1
ENSMUSG00000049744,Arhgap15,1.348294637917184,0.28823253157574863,1
ENSMUSG00000036890,Gtdc1,2.140363892061025,0.20202818651426935,1
ENSMUSG00000036053,Fmnl2,1.3526022885175584,0.023561625326326663,1
ENSMUSG00000061136,Prpf40a,1.0036825898872328,0.31157559260811724,1
ENSMUSG00000026987,Baz2b,2.4068997729591906,0.6056429580393757,1
ENSMUSG00000068882,Ssb,1.0047595025373264,0.5313828438177093,1
ENSMUSG00000041997,Tlk1,1.0096056094627477,0.32878213570174947,1
ENSMUSG00000034101,Ctnnd1,1.0467590958909767,0.5335753049291592,1
ENSMUSG00000005506,Celf1,1.9863653830976407,0.1864474796143305,1
ENSMUSG00000040506,Ambra1,1.6708299766202166,0.24156472007758267,1
ENSMUSG00000058318,Phf21a,2.118825639059153,0.6523516600912103,1
ENSMUSG00000027189,Trim44,1.420986241798502,0.3358421932731601,1
ENSMUSG00000027176,Cstf3,1.1442196907244473,0.07143900908376914,1
ENSMUSG00000027365,Trpm7,1.3095257825138147,0.269801427234608,1
ENSMUSG00000027346,Gpcpd1,1.2971412870377381,0.4357752980980478,1
ENSMUSG00000027433,Xrn2,1.3084488698637209,0.6890700791889852,1
ENSMUSG00000032966,Fkbp1a,1.0182209106634965,0.07974482419183622,1
ENSMUSG00000074698,Csnk2a1,1.0575282223919127,0.16995359652445413,1
ENSMUSG00000042548,Asxl1,1.3143718894392358,0.7727652702754221,1
ENSMUSG00000074656,Eif2s2,1.2142190129805313,0.5635748316166926,1
ENSMUSG00000027602,Map1lc3a,1.0262977555391983,0.28542319776679503,1
ENSMUSG00000027620,Rbm39,5.869173943010106,0.6275997103756654,1
ENSMUSG00000070544,Top1,1.706906550398352,0.1829076832088462,1
ENSMUSG00000027522,Stx16,1.2583724316343687,0.634677265052899,1
ENSMUSG00000027523,Gnas,2.83928020197177,0.23524782498692387,1
ENSMUSG00000027706,Sec62,1.9659040427458623,0.0627920428045492,1
ENSMUSG00000027680,Fxr1,1.2422187418829647,0.23024749464005018,1
ENSMUSG00000027770,Dhx36,1.0882202329195803,0.17611117177497204,1
ENSMUSG00000034544,Rsrc1,1.6487532672932979,0.6071811688943257,1
ENSMUSG00000102805,Gm37240,2.124210202309621,0.5385567386568441,1
ENSMUSG00000028080,Lrba,1.9217506240920248,0.7310877276912926,1
ENSMUSG00000028053,Ash1l,2.0509801421032563,0.44945394416585704,1
ENSMUSG00000042520,Ubap2l,1.185142371428004,0.5563230587593355,1
ENSMUSG00000090733,Rps27,1.006374871512467,0.6725381432814854,1
ENSMUSG00000042390,Gatad2b,1.0817587570190188,0.32571902756767634,1
ENSMUSG00000008763,Man1a2,2.4688222503395725,0.6694227807297688,1
ENSMUSG00000000563,Atp5f1,1.0720665431681764,0.48276464009268816,1
ENSMUSG00000068747,Sort1,1.4764472432783222,0.37257550927433447,1
ENSMUSG00000004591,Pkn2,1.524908312532534,0.2781443270053163,1
ENSMUSG00000028034,Fubp1,1.7494446000770492,0.13565555185569356,1
ENSMUSG00000055436,Srsf11,2.537206203620516,0.0968766613937988,1
ENSMUSG00000047187,Rab2a,1.998749878573717,0.45268636469849055,1
ENSMUSG00000028207,Asph,1.5109084480813173,0.7552314262574358,1
ENSMUSG00000028229,Rmdn1,1.6309842085667534,0.039712483040516,1
ENSMUSG00000041058,Wwp1,1.2529878683839006,0.7938865245681004,1
ENSMUSG00000028248,Pnisr,2.974971195883563,0.04045481818982055,1
ENSMUSG00000039967,Zfp292,1.3396793367164352,0.5995913989257713,1
ENSMUSG00000028410,Dnaja1,1.1991422358792208,0.05235675466260559,1
ENSMUSG00000035649,Zcchc7,4.209651549215873,0.3996132342095742,1
ENSMUSG00000028397,Kdm4c,1.0042210462122796,0.012429276177085625,1
ENSMUSG00000062627,Mysm1,1.0311438624646196,0.24007048617890966,1
ENSMUSG00000028522,Mier1,1.1178353307971542,0.6295521574477485,1
ENSMUSG00000028618,Tmem59,1.3892173186207408,0.5910257561167991,1
ENSMUSG00000034610,Tut4,1.9497503529944582,0.32313557519429237,1
ENSMUSG00000053510,Nrd1,1.2233727705063269,0.14034828072343952,1
ENSMUSG00000028559,Osbpl9,1.570677100161512,0.5297169664946177,1
ENSMUSG00000033379,Atp6v0b,5.290333393584798,0.5937466924520562,1
ENSMUSG00000028634,Hivep3,3.1822768810265805,0.2319685113534622,1
ENSMUSG00000000085,Scmh1,1.530292875783002,0.214587612817478,1
ENSMUSG00000028657,Ppt1,1.2082959934050164,0.511634579035894,1
ENSMUSG00000028649,Macf1,5.995711179396104,0.5770705306702419,1
ENSMUSG00000043962,Thrap3,1.069912717867989,0.6945152765582858,1
ENSMUSG00000028842,Ago3,1.4974470399551474,0.21601102325663024,1
ENSMUSG00000042446,Zmym4,1.3633714150184943,0.17403767636960338,1
ENSMUSG00000028820,Sfpq,1.3972941634964429,0.2844776210449028,1
ENSMUSG00000028580,Pum1,1.268603101810258,0.2788534443316657,1
ENSMUSG00000054428,Atpif1,1.8377514373847241,0.4193798835531717,1
ENSMUSG00000028832,Stmn1,2.7466657140637203,0.23308626140200261,1
ENSMUSG00000028809,Srrm1,1.5119853607314109,0.3392470237044791,1
ENSMUSG00000028676,Srsf10,1.0128363474130284,0.17243470125406923,1
ENSMUSG00000028760,Eif4g3,2.221132340818045,0.14672778861694513,1
ENSMUSG00000046447,Camk2n1,2.977663477508797,0.12426040938908489,1
ENSMUSG00000039852,Rere,3.3131217680129526,0.08714690000292058,1
ENSMUSG00000029064,Gnb1,1.4791395249035562,0.2392718131497233,1
ENSMUSG00000029062,Cdk11b,1.0257592992141515,0.5925700748994253,1
ENSMUSG00000040407,Akap9,1.1490657976498686,0.1765848603024091,1
ENSMUSG00000079659,Tmem243,1.3622945023684008,0.6988069934445356,1
ENSMUSG00000073147,5031425E22Rik,1.0079902404876073,0.06471639570905,1
ENSMUSG00000029004,Kmt2e,1.8232131166084606,0.1722520746101207,1
ENSMUSG00000038056,Kmt2c,1.6794452778209654,0.604307416183887,1
ENSMUSG00000048271,Rbm33,1.1415274090992134,0.5038407892197924,1
ENSMUSG00000039000,Ube3c,1.0849894949692995,0.14672033958164896,1
ENSMUSG00000029131,Dnajb6,1.4231400670986891,0.5754919472471824,1
ENSMUSG00000052139,Babam2,1.5981383727388987,0.7839321466660044,1
ENSMUSG00000054280,Prr14l,1.121066068747435,0.6434492305811687,1
ENSMUSG00000018965,Ywhah,2.434899501861624,0.5412944230300554,1
ENSMUSG00000037210,Fam193a,1.212603644005391,0.399716262826961,1
ENSMUSG00000015882,Lcorl,1.410217115297566,0.48686465195641265,1
ENSMUSG00000047215,Rpl9,1.4269092613740166,0.7840706096673575,1
ENSMUSG00000029203,Ube2k,1.2944490054125042,0.08672411739478608,1
ENSMUSG00000029202,Pds5a,1.024682386564058,0.6355378768939828,1
ENSMUSG00000029207,Apbb2,1.5905999841882434,0.04566685871719056,1
ENSMUSG00000029223,Uchl1,1.3202949090147504,0.22296857835107786,1
ENSMUSG00000037685,Atp8a1,2.992201798285061,0.26247493175828573,1
ENSMUSG00000035851,Ythdc1,1.420986241798502,0.5355972516078937,1
ENSMUSG00000055204,Ankrd17,1.5238313998824404,0.19401847433089003,1
ENSMUSG00000029328,Hnrnpdl,1.6035229359893668,0.15501997562289194,1
ENSMUSG00000043940,Wdfy3,2.2577473709212272,0.6940288025766699,1
ENSMUSG00000049606,Zfp644,1.5873692462379627,0.4614509583793517,1
ENSMUSG00000050856,Atp5k,1.0079902404876073,0.7099221517912354,1
ENSMUSG00000009013,Dynll1,1.3100642388388615,0.36666148436783536,1
ENSMUSG00000061288,Taok3,1.0919894271949078,0.5623848648440303,1
ENSMUSG00000032959,Pebp1,1.5125238170564577,0.4702993859792216,1
ENSMUSG00000018076,Med13l,1.2179882072558588,0.3305883430367184,1
ENSMUSG00000029614,Rpl6,2.3029777022251583,0.7554612984183637,1
ENSMUSG00000029471,Camkk2,1.0241439302390112,0.014447026311822979,1
ENSMUSG00000049550,Clip1,1.142604321749307,0.21455946919789318,1
ENSMUSG00000029422,Rsrc2,1.4479090580508418,0.607584670908881,1
ENSMUSG00000038095,Sbno1,1.0424514452906024,0.12708419312362773,1
ENSMUSG00000070493,Chchd2,1.6309842085667534,0.6232665235506903,1
ENSMUSG00000060261,Gtf2i,1.1205276124223882,0.2293683550159828,1
ENSMUSG00000029705,Cux1,2.354131053104604,0.7121492482091926,1
ENSMUSG00000086220,Gm16599,1.4613704661770117,0.3559538744424527,1
ENSMUSG00000039683,Sdk1,1.212603644005391,0.46162914372464037,1
ENSMUSG00000029580,Actb,4.216113025116434,0.5834344947313967,1
ENSMUSG00000038690,Atp5j2,1.1711425069767873,0.6703015885240067,1
ENSMUSG00000029635,Cdk8,1.9136737792163228,0.3700901267611114,1
ENSMUSG00000066551,Hmgb1,1.648214810968251,0.46978538158395866,1
ENSMUSG00000029655,N4bp2l2,1.1689886816766002,0.00058305945215259,1
ENSMUSG00000032827,Ppp1r9a,3.983499892696217,0.5082382011786706,1
ENSMUSG00000029632,Ndufa4,1.816751640707899,0.7530727595712206,1
ENSMUSG00000029684,Wasl,1.0413745326405088,0.04626572374190323,1
ENSMUSG00000001424,Snd1,1.115681505496967,0.4819221566690389,1
ENSMUSG00000049939,Lrrc4,1.1921423036536125,0.24334316422488994,1
ENSMUSG00000025607,Copg2,1.0176824543384497,0.2419777139700523,1
ENSMUSG00000025609,Mkln1,1.578215488712167,0.77078775552165,1
ENSMUSG00000029765,Plxna4,2.777896180916435,0.33752571777993756,1
ENSMUSG00000053768,Chchd3,1.0252208428891048,0.058607377096942186,1
ENSMUSG00000029763,Exoc4,3.088047024143391,0.2857367357707752,1
ENSMUSG00000038784,Cnot4,2.0585185306539118,0.47847452663886536,1
ENSMUSG00000038538,Ubn2,2.2049786510666407,0.154017999810943,1
ENSMUSG00000029823,Luc7l2,4.16980578116241,0.09222979976660683,1
ENSMUSG00000042599,Kdm7a,1.0429899016156492,0.6944117663242516,1
ENSMUSG00000029686,Cul1,1.417755503848221,0.7648624265194042,1
ENSMUSG00000029817,Tra2a,2.3056699838503922,0.179635805991192,1
ENSMUSG00000004535,Tax1bp1,1.1576810988506174,0.32481112313439525,1
ENSMUSG00000036371,Serbp1,1.3946018818712087,0.3584779042090609,1
ENSMUSG00000056091,St3gal5,1.704752725098165,0.4978584511532875,1
ENSMUSG00000034832,Tet3,1.083912582319206,0.6580427773617613,1
ENSMUSG00000030016,Zfp638,1.7892903681305123,0.21179259438194553,1
ENSMUSG00000033769,Exoc6b,1.947596527694271,0.020815096995248306,1
ENSMUSG00000033174,Mgll,1.0855279512943463,0.0276912958191059,1
ENSMUSG00000005893,Nr2c2,1.102220097370797,0.4609443036008066,1
ENSMUSG00000045095,Magi1,2.90820261157776,0.009853821059947254,1
ENSMUSG00000030067,Foxp1,3.968961571919954,0.0682642046633537,1
ENSMUSG00000034269,Setd5,1.5836000519626352,0.4587882127293231,1
ENSMUSG00000030126,Tmcc1,2.5888980108250084,0.16190257217245319,1
ENSMUSG00000019210,Atp6v1e1,1.2142190129805313,0.32688146059458667,1
ENSMUSG00000030122,Ptms,1.2906798111371767,0.14845511901781103,1
ENSMUSG00000057666,Gapdh,3.3104294863877186,0.5023693873716077,1
ENSMUSG00000030246,Ldhb,1.7241371527998497,0.6981464507246018,1
ENSMUSG00000030432,Rpl28,1.1178353307971542,0.7420179603191926,1
ENSMUSG00000041571,Selenow,1.8312899614841627,0.2321399062426831,1
ENSMUSG00000036751,Cox6b1,1.2109882750302503,0.7683332717404254,1
ENSMUSG00000063511,Snrnp70,5.1331041466711325,0.24806605335374066,1
ENSMUSG00000005533,Igf1r,1.7187525895493816,0.4216987561631429,1
ENSMUSG00000025103,Btbd1,1.241141829232871,0.732245683546559,1
ENSMUSG00000074024,4632427E13Rik,1.3526022885175584,0.7550600836335352,1
ENSMUSG00000035623,Rsf1,1.1404504964491198,0.49218048015397065,1
ENSMUSG00000029461,Fam168a,1.655753199518906,0.10649235693496173,1
ENSMUSG00000046364,Rpl27a,1.6573685684940467,0.7321591329007887,1
ENSMUSG00000038371,Sbf2,2.4063613166341438,0.4458491810039319,1
ENSMUSG00000090862,Rps13,1.1253737193478095,0.7698376244967884,1
ENSMUSG00000030654,Arl6ip1,1.5367543516835636,0.05829475354882463,1
ENSMUSG00000030655,Smg1,1.56260025528581,0.5962044681619614,1
ENSMUSG00000030779,Rbbp6,1.1991422358792208,0.4397285627179034,1
ENSMUSG00000052707,Tnrc6a,1.6842913847463865,0.1761845713396717,1
ENSMUSG00000042675,Ypel3,1.3149103457642826,0.4660425290233261,1
ENSMUSG00000030695,Aldoa,2.4332841328864836,0.30508198121112695,1
ENSMUSG00000030795,Fus,2.8128958420444765,0.6045649596207565,1
ENSMUSG00000040459,Arglu1,3.756271323526468,0.2686914806746279,1
ENSMUSG00000065954,Tacc1,2.9442791853558954,0.5775344094732606,1
ENSMUSG00000054823,Nsd3,2.0132881993499807,0.23722828214286307,1
ENSMUSG00000061313,Ddhd2,1.18245008980277,0.04249797825811208,1
ENSMUSG00000037234,Hook3,1.1732963322769745,0.33264672682136365,1
ENSMUSG00000031592,Pcm1,1.840443719009958,0.2606783683341164,1
ENSMUSG00000031633,Slc25a4,2.145748455311493,0.275634647987978,1
ENSMUSG00000036469,March1,4.780953710090526,0.12948689935251334,1
ENSMUSG00000036199,Ndufa13,1.0575282223919127,0.47991843159141706,1
ENSMUSG00000031840,Rab3a,1.4016018140968172,0.13714323267220624,1
ENSMUSG00000052837,Junb,1.0343746004149004,0.16079550201541717,1
ENSMUSG00000036712,Cyld,1.0962970777952823,0.19404298164781753,1
ENSMUSG00000055932,Fto,1.3046796755883934,0.08153359783351627,1
ENSMUSG00000031760,Mt3,1.7742135910292018,0.6029342760894031,1
ENSMUSG00000031765,Mt1,1.177065526552302,0.5168549465928483,1
ENSMUSG00000003847,Nfat5,1.2572955189842752,0.22236758427298575,1
ENSMUSG00000003316,Glg1,1.0316823187896664,0.11030515366071011,1
ENSMUSG00000033545,Znrf1,1.0446052705907896,0.39752407187846206,1
ENSMUSG00000004637,Wwox,2.7068199460102575,0.6051417598232225,1
ENSMUSG00000034390,Cmip,1.56260025528581,0.27076308691548195,1
ENSMUSG00000031818,Cox4i1,2.5942825740754762,0.6585086808960656,1
ENSMUSG00000035569,Ankrd11,2.648666662905203,0.44876404091929567,1
ENSMUSG00000001472,Tcf25,2.584590360224634,0.18254282125337817,1
ENSMUSG00000031939,Taf1d,1.2696800144603515,0.30500535988653776,1
ENSMUSG00000053310,Nrgn,7.005316788858852,0.23556824869425075,1
ENSMUSG00000015656,Hspa8,2.66266652735642,0.05483774583843637,1
ENSMUSG00000038717,Atp5l,1.1232198940476221,0.6089955143287149,1
ENSMUSG00000037112,Sik2,1.2885259858369895,0.4272879854735362,1
ENSMUSG00000034007,Scaper,1.4656781167773862,0.23035878056078085,1
ENSMUSG00000032329,Hmg20a,1.0602205040171468,0.67310817641984,1
ENSMUSG00000000088,Cox5a,1.388678862295694,0.40754693902791184,1
ENSMUSG00000025234,Arih1,1.7779827853045296,0.3341988378960173,1
ENSMUSG00000035284,Vps13c,1.2788337719861471,0.2440946393316561,1
ENSMUSG00000032212,Sltm,1.380602017419992,0.16608222049896904,1
ENSMUSG00000032228,Tcf12,1.9045200216905271,0.4174525504933053,1
ENSMUSG00000038535,Zfp280d,1.388678862295694,0.09887303772924039,1
ENSMUSG00000007656,Arpp19,1.2357572659824032,0.06868214252780394,1
ENSMUSG00000032330,Cox7a2,1.2061421681048292,0.7133225747665588,1
ENSMUSG00000034252,Senp6,1.337525511416248,0.2580122077225531,1
ENSMUSG00000032253,Phip,1.2971412870377381,0.41774006283776804,1
ENSMUSG00000062270,Morf4l1,1.7542907070024703,0.3451281266951407,1
ENSMUSG00000032407,U2surp,1.1124507675466861,0.11796116867516283,1
ENSMUSG00000032410,Xrn1,1.1490657976498686,0.3356697136257817,1
ENSMUSG00000037286,Stag1,3.058431926265817,0.46509574095901973,1
ENSMUSG00000032570,Atp2c1,2.341746557628528,0.45698894810901725,1
ENSMUSG00000032580,Rbm5,1.846366738585473,0.38104749505693725,1
ENSMUSG00000032582,Rbm6,1.744060036826581,0.1732549982500794,1
ENSMUSG00000019039,Dalrd3,1.1113738548965926,0.2216631619026207,1
ENSMUSG00000044791,Setd2,1.1619887494509917,0.6734616800780457,1
ENSMUSG00000033392,Clasp2,2.5377446599455626,0.37016563823338955,1
ENSMUSG00000032532,Cck,3.1235851415964797,0.3738905299923405,1
ENSMUSG00000019790,Stxbp5,1.1194506997722946,0.05967770292008358,1
ENSMUSG00000037608,Bclaf1,1.1813731771526765,0.2983547054900656,1
ENSMUSG00000038774,Ascc3,1.8458282822604262,0.3745282987239765,1
ENSMUSG00000020076,Ddx50,1.4516782523261695,0.0362256017962187,1
ENSMUSG00000020069,Hnrnph3,1.2190651199059523,0.2258637448736087,1
ENSMUSG00000020064,Herc4,1.0526821154664916,0.6236870145490658,1
ENSMUSG00000037876,Jmjd1c,3.4245822272976403,0.6796140889530853,1
ENSMUSG00000019947,Arid5b,1.3213718216648442,0.17094172153339318,1
ENSMUSG00000049422,Chchd10,1.2637569948848366,0.5147905148878731,1
ENSMUSG00000023175,Bsg,1.6977527928725564,0.30350107989078395,1
ENSMUSG00000035242,Oaz1,1.3089873261887677,0.548642434256746,1
ENSMUSG00000020048,Hsp90b1,1.4441398637755143,0.7970671738769911,1
ENSMUSG00000061904,Slc25a3,1.6675992386699356,0.060555973914563355,1
ENSMUSG00000019907,Ppp1r12a,2.4068997729591906,0.27604749093095216,1
ENSMUSG00000020181,Nav3,15.171545414518603,0.06590473213200854,1
ENSMUSG00000020189,Osbpl8,1.442524494800374,0.11078759678480588,1
ENSMUSG00000074748,Atxn7l3b,1.1135276801967797,0.3928436935929671,1
ENSMUSG00000052291,5330438D12Rik,3.3960440420701596,0.7126526533631892,1
ENSMUSG00000055531,Cpsf6,1.230372702731935,0.3958087142209009,1
ENSMUSG00000020124,Usp15,1.479677981228603,0.15321691598083337,1
ENSMUSG00000020102,Slc16a7,1.1065277479711715,0.12458258431945014,1
ENSMUSG00000025393,Atp5b,1.1657579437263192,0.3300463749469967,1
ENSMUSG00000090841,Myl6,1.2476033051334328,0.6116276506261714,1
ENSMUSG00000093674,Rpl41,2.220055428167951,0.7523519548441722,1
ENSMUSG00000020457,Drg1,1.0919894271949078,0.043539969671279904,1
ENSMUSG00000034354,Mtmr3,1.2314496153820287,0.6314650920540622,1
ENSMUSG00000009079,Ewsr1,1.709598832023586,0.18151058515270446,1
ENSMUSG00000053838,Nudcd3,1.4678319420775734,0.33906319269671814,1
ENSMUSG00000071866,Ppia,3.847270442459377,0.7467742263080059,1
ENSMUSG00000094483,Purb,1.241141829232871,0.5172231495690955,1
ENSMUSG00000020152,Actr2,1.9206737114419312,0.7780674095073766,1
ENSMUSG00000020321,Mdh1,1.9761347129217515,0.22301677786281904,1
ENSMUSG00000056342,Usp34,2.4978988918920995,0.1264196732207188,1
ENSMUSG00000020458,Rtn4,3.580734561561212,0.10454734033269308,1
ENSMUSG00000020305,Asb3,1.0252208428891048,0.1542886081585217,1
ENSMUSG00000020376,Rnf130,1.420986241798502,0.3732188058041168,1
ENSMUSG00000007850,Hnrnph1,1.1905269346784721,0.7732559297834716,1
ENSMUSG00000020385,Clk4,1.212065187680344,0.39116632224841574,1
ENSMUSG00000020361,Hspa4,1.2508340430837135,0.3494294585931183,1
ENSMUSG00000049470,Aff4,1.2852952478867086,0.14445786146028772,1
ENSMUSG00000044894,Uqcrq,1.0419129889655556,0.6809357083704977,1
ENSMUSG00000037533,Rapgef6,1.661676219094421,0.6534669175146803,1
ENSMUSG00000037331,Larp1,1.2131421003304377,0.5841639176784517,1
ENSMUSG00000018501,Ncor1,2.4117458798846116,0.1484821100514364,1
ENSMUSG00000019505,Ubb,4.057806865552675,0.4927508134771674,1
ENSMUSG00000093989,Rnasek,1.059143591367053,0.3998646910037842,1
ENSMUSG00000020817,Rabep1,1.6815991031211526,0.2439767033566579,1
ENSMUSG00000020745,Pafah1b1,3.03097065368843,0.017386818919536084,1
ENSMUSG00000038290,Smg6,2.0111343740497936,0.28791088995580927,1
ENSMUSG00000017781,Pitpna,1.4963701273050538,0.274474351001801,1
ENSMUSG00000020849,Ywhae,1.6315226648918002,0.30343412208376735,1
ENSMUSG00000017291,Taok1,1.2325265280321223,0.6893041819018844,1
ENSMUSG00000037857,Nufip2,1.0494513775162109,0.675305898870681,1
ENSMUSG00000020716,Nf1,1.9055969343406207,0.5500516387322999,1
ENSMUSG00000035152,Ap2b1,1.169527138001647,0.043785119070296086,1
ENSMUSG00000020680,Taf15,1.5432158275841252,0.6978390860417398,1
ENSMUSG00000020530,Ggnbp2,1.0682973488928487,0.08808455724609521,1
ENSMUSG00000059439,Bcas3,1.607830586589741,0.1928631498043863,1
ENSMUSG00000069769,Msi2,1.3789866484448516,0.00604947152947688,1
ENSMUSG00000059474,Mbtd1,1.2379110912825904,0.4776137878916839,1
ENSMUSG00000020859,Spag9,2.4628992307640574,0.006863466200064172,1
ENSMUSG00000057522,Spop,1.2050652554547356,0.4969390746599773,1
ENSMUSG00000006057,Atp5g1,1.043528357940696,0.46095133575561875,1
ENSMUSG00000017404,Rpl19,1.706906550398352,0.7914965891619868,1
ENSMUSG00000020883,Fbxl20,1.1108353985715458,0.4979333886909849,1
ENSMUSG00000003119,Cdk12,1.733290910325645,0.40291640401863316,1
ENSMUSG00000035530,Eif1,2.0665953755296136,0.37368859502093144,1
ENSMUSG00000020936,Nmt1,1.5453696528843124,0.6599975024960201,1
ENSMUSG00000018412,Kansl1,3.5651193281348545,0.608355932150328,1
ENSMUSG00000040481,Bptf,1.316525714739423,0.5767076506696152,1
ENSMUSG00000050965,Prkca,3.2759682815847238,0.2553354048490044,1
ENSMUSG00000034566,Atp5h,1.2820645099364278,0.5804586911190744,1
ENSMUSG00000020738,Sumo2,1.099527815745563,0.17682473926572612,1
ENSMUSG00000016559,H3f3b,1.86198197201183,0.47915570369485566,1
ENSMUSG00000034120,Srsf2,1.3472177252670905,0.7353179999401065,1
ENSMUSG00000086859,Snhg20,1.0085286968126541,0.39471489828731027,1
ENSMUSG00000020823,Sec14l1,1.067220436242755,0.32031985386555845,1
ENSMUSG00000062825,Actg1,1.3262179285902653,0.2501514700165523,1
ENSMUSG00000020671,Rab10,1.2416802855579179,0.5255643295978842,1
ENSMUSG00000020661,Dnmt3a,1.5098315354312237,0.4488719097659089,1
ENSMUSG00000020640,Itsn2,1.1178353307971542,0.7130260320979671,1
ENSMUSG00000111971,Gm48678,1.661676219094421,0.3306737199507041,1
ENSMUSG00000052812,Atad2b,1.1307582825982774,0.7856030449691164,1
ENSMUSG00000020580,Rock2,2.900125766702058,0.4111223256854575,1
ENSMUSG00000035933,Cog5,1.2982181996878317,0.49339388035961845,1
ENSMUSG00000020564,Atxn7l1,1.198603779554174,0.5846104920761441,1
ENSMUSG00000004698,Hdac9,3.237737882506401,0.24886991725959384,1
ENSMUSG00000056899,Immp2l,1.8517513018359408,0.24106556912722532,1
ENSMUSG00000036257,Pnpla8,1.0155286290382624,0.10459005709565103,1
ENSMUSG00000020954,Strn3,2.082210608955971,0.2578939549810587,1
ENSMUSG00000035247,Hectd1,1.0656050672676147,0.6172109280442813,1
ENSMUSG00000020994,Pnn,1.5130622733815045,0.30297953401551836,1
ENSMUSG00000021000,Mia2,1.1996806922042675,0.7710780554498995,1
ENSMUSG00000060073,Psma3,1.48183180652879,0.10574601328350886,1
ENSMUSG00000048118,Arid4a,1.2072190807549228,0.7220287532113556,1
ENSMUSG00000021114,Atp6v1d,1.0817587570190188,0.1795975296143696,1
ENSMUSG00000021124,Vti1b,1.2346803533323096,0.15266702783804345,1
ENSMUSG00000021133,Susd6,1.0833741259941592,0.6234778688162059,1
ENSMUSG00000091803,Cox16,1.7327524540005983,0.17854406878614404,1
ENSMUSG00000010608,Rbm25,2.4758221825651807,0.2749353366325462,1
ENSMUSG00000001175,Calm1,7.668156524991461,0.052032648479668264,1
ENSMUSG00000021111,Papola,1.3418331620166224,0.21843239408130863,1
ENSMUSG00000017843,Ppp2r5c,1.2524494120588539,0.3555761298728528,1
ENSMUSG00000021270,Hsp90aa1,1.7946749313809802,0.02017445973411247,1
ENSMUSG00000007411,Mark3,1.129142913623137,0.22500186713377546,1
ENSMUSG00000001270,Ckb,4.066960623078471,0.24063431234975274,1
ENSMUSG00000033499,Larp4b,1.2621416259096963,0.7161584237039582,1
ENSMUSG00000021156,Zmynd11,1.4371399315499058,0.1830667306247089,1
ENSMUSG00000039219,Arid4b,1.3666021529687753,0.0984640878942914,1
ENSMUSG00000041297,Cdk13,1.4570628155766374,0.5219785180375103,1
ENSMUSG00000022228,Zscan26,1.1350659331986517,0.5627604038066891,1
ENSMUSG00000113216,Gm40841,1.2642954512098834,0.008404858626796241,1
ENSMUSG00000006191,Cdkal1,1.279372228311194,0.6311879338138923,1
ENSMUSG00000021413,Prpf4b,3.8995007059889164,0.16860494934099446,1
ENSMUSG00000021420,Fars2,1.067220436242755,0.24708646666521922,1
ENSMUSG00000038546,Ranbp9,1.1867577404031444,0.015782526152704035,1
ENSMUSG00000021488,Nsd1,2.630359147853612,0.630020432219951,1
ENSMUSG00000045767,B230219D22Rik,1.0284515808393857,0.7511818564740228,1
ENSMUSG00000021596,Mctp1,3.601734358238037,0.7228867191909756,1
ENSMUSG00000064138,Fam172a,2.614205458102208,0.7081398054306105,1
ENSMUSG00000005583,Mef2c,12.45718707995769,0.39849447417424066,1
ENSMUSG00000021549,Rasa1,1.0079902404876073,0.7184959075536778,1
ENSMUSG00000017778,Cox7c,2.2599011962214144,0.6362780819694873,1
ENSMUSG00000009470,Tnpo1,1.2384495476076371,0.3636039368820997,1
ENSMUSG00000032621,Srek1,1.7725982220540615,0.21371554672738324,1
ENSMUSG00000047789,Slc38a9,1.4387553005250462,0.6924657921461816,1
ENSMUSG00000042348,Arl15,2.644359012304829,0.21661050953402872,1
ENSMUSG00000040818,Dennd6a,1.0467590958909767,0.7167034137073525,1
ENSMUSG00000021910,Nisch,1.843674456960239,0.6686404747011494,1
ENSMUSG00000021832,Psmc6,1.0796049317188314,0.1285532277703897,1
ENSMUSG00000021843,Ktn1,2.558206000297341,0.050693386418703135,1
ENSMUSG00000022185,Acin1,1.5179083803069258,0.3657438924017016,1
ENSMUSG00000021969,Zdhhc20,1.174373244927068,0.5063894053622627,1
ENSMUSG00000021929,Kpna3,1.0785280190687379,0.3642694302003786,1
ENSMUSG00000059456,Ptk2b,1.3504484632173712,0.6612655689538636,1
ENSMUSG00000060126,Tpt1,1.6465994419931107,0.7725423986850701,1
ENSMUSG00000022064,Pibf1,1.1140661365218267,0.6184758908314848,1
ENSMUSG00000072294,Klf12,2.344438839253762,0.45087921992157964,1
ENSMUSG00000033004,Mycbp2,5.922481119189739,0.2064249092366719,1
ENSMUSG00000022119,Rbm26,2.9351254278301,0.7119946991491257,1
ENSMUSG00000022139,Mbnl2,3.3680443131677262,0.26627064544410795,1
ENSMUSG00000041650,Pcca,1.094681708820142,0.006951522480501973,1
ENSMUSG00000022186,Oxct1,1.9702116933462366,0.20100626567557978,1
ENSMUSG00000022205,Sub1,1.0801433880438782,0.32052611559824007,1
ENSMUSG00000022201,Zfr,2.444591715712466,0.10413947737824314,1
ENSMUSG00000045763,Basp1,4.016345728524072,0.5284075580527723,1
ENSMUSG00000046034,Otulin,1.083912582319206,0.5818591485436969,1
ENSMUSG00000014313,Cox6c,1.8722126421877192,0.6987293573908826,1
ENSMUSG00000022285,Ywhaz,1.4506013396760757,0.0342172941367751,1
ENSMUSG00000022354,Ndufb9,1.0230670175889176,0.5761541482879261,1
ENSMUSG00000059586,Nsmce2,1.2319880717070755,0.3189901184873039,1
ENSMUSG00000022377,Asap1,4.0088073399734165,0.2547484644919482,1
ENSMUSG00000047921,Trappc9,1.0160670853633091,0.4559865561787402,1
ENSMUSG00000022564,Grina,1.1172968744721075,0.2312234915819757,1
ENSMUSG00000003970,Rpl8,1.2966028307126913,0.7547235966081847,1
ENSMUSG00000055065,Ddx17,1.7515984253772363,0.48374387274781744,1
ENSMUSG00000060036,Rpl3,1.2314496153820287,0.7427957460587168,1
ENSMUSG00000047888,Tnrc6b,2.8215111432452256,0.28587930535816963,1
ENSMUSG00000041852,Tcf20,1.3795251047698984,0.04671508536135893,1
ENSMUSG00000016541,Atxn10,1.2109882750302503,0.0639804642058669,1
ENSMUSG00000022387,Brd1,1.0413745326405088,0.6956598448573993,1
ENSMUSG00000022462,Slc38a2,1.2718338397605387,0.1396550161824184,1
ENSMUSG00000072235,Tuba1a,1.7865980865052782,0.2502526657947043,1
ENSMUSG00000099083,Atf7,1.1689886816766002,0.4531297421070579,1
ENSMUSG00000022521,Crebbp,1.7682905714536872,0.5469503643024574,1
ENSMUSG00000037965,Zc3h7a,1.0871433202694867,0.6428417307042219,1
ENSMUSG00000022822,Abcc5,1.289602898487083,0.0742654377161715,1
ENSMUSG00000022858,Tra2b,1.346140812616997,0.6465372942150314,1
ENSMUSG00000049076,Acap2,2.5167448632687375,0.42378587033692283,1
ENSMUSG00000022811,Zfp148,1.4990624089302877,0.2990296547365416,1
ENSMUSG00000022812,Gsk3b,1.8948278078396847,0.34544218088509837,1
ENSMUSG00000098274,Rpl24,1.3418331620166224,0.6931850482135056,1
ENSMUSG00000022748,Cmss1,4.688877678507524,0.4887763068145399,1
ENSMUSG00000022890,Atp5j,1.1813731771526765,0.5694593975976928,1
ENSMUSG00000022973,Synj1,1.0510667464913512,0.3208854146742884,1
ENSMUSG00000022974,Paxbp1,1.501216234230475,0.12731413790152302,1
ENSMUSG00000090223,Pcp4,1.4613704661770117,0.32023945390743536,1
ENSMUSG00000046201,Scaf8,1.1049123789960311,0.34736437689374194,1
ENSMUSG00000069729,Arid1b,1.8662896226122045,0.3091231460564806,1
ENSMUSG00000034265,Zdhhc14,1.354217657492699,0.3253537062940815,1
ENSMUSG00000034377,Tulp4,1.2244496831564204,0.15689831290381923,1
ENSMUSG00000023861,Mpc1,1.1280660009730434,0.38062771705854387,1
ENSMUSG00000023826,Prkn,4.237651278118306,0.36697964335842603,1
ENSMUSG00000023845,Lnpep,1.1942961289537997,0.6615232344612714,1
ENSMUSG00000039218,Srrm2,5.142796360521975,0.22355225781472265,1
ENSMUSG00000055839,Elob,1.1356043895236985,0.6308244351818186,1
ENSMUSG00000024121,Atp6v0c,4.521417761417969,0.02917044648551359,1
ENSMUSG00000044533,Rps2,1.1749117012521149,0.6802988369700398,1
ENSMUSG00000048249,Crebrf,1.1038354663459375,0.643878375021428,1
ENSMUSG00000024006,Stk38,1.0656050672676147,0.28407888029584394,1
ENSMUSG00000044477,Zfand3,2.03698027765204,0.7035068617394619,1
ENSMUSG00000062202,Btbd9,2.3826692383320847,0.5667645395459086,1
ENSMUSG00000024002,Brd4,1.273449208735679,0.6451677617010605,1
ENSMUSG00000002625,Akap8l,2.3557464220797444,0.10781665829125764,1
ENSMUSG00000059208,Hnrnpm,1.2185266635809056,0.5071014659985404,1
ENSMUSG00000019432,Ddx39b,1.000451851936952,0.4923461582911699,1
ENSMUSG00000098178,Gm42418,31.967613561703395,0.7214946423123907,1
ENSMUSG00000023977,Ubr2,1.0295284934894793,0.33613445103849715,1
ENSMUSG00000023965,Fbxl17,3.2958911656114553,0.22958629779283912,1
ENSMUSG00000000127,Fer,1.2642954512098834,0.47718899131905346,1
ENSMUSG00000024091,Vapa,1.4468321454007482,0.669743161948082,1
ENSMUSG00000033278,Ptprm,2.1392869794109313,0.6365993331848456,1
ENSMUSG00000034868,Myl12b,1.3100642388388615,0.6261936986815,1
ENSMUSG00000024073,Birc6,1.7704443967538743,0.16798304629500538,1
ENSMUSG00000024097,Srsf7,2.0962104734071874,0.7173522474409172,1
ENSMUSG00000024242,Map4k3,1.2379110912825904,0.09316117153266659,1
ENSMUSG00000036438,Calm2,7.915307978187942,0.2225716018492343,1
ENSMUSG00000005371,Fbxo11,1.2260650521315608,0.4573748912749752,1
ENSMUSG00000006740,Kif5b,1.0790664753937846,0.5101794241077953,1
ENSMUSG00000024240,Epc1,1.2712953834354919,0.4028075241165787,1
ENSMUSG00000024283,Wac,1.327294841240359,0.5676509201589308,1
ENSMUSG00000024286,Ccny,1.3881404059706473,0.21507180595370923,1
ENSMUSG00000024290,Rock1,1.6498301799433914,0.38790631574215695,1
ENSMUSG00000024423,Impact,1.021990104938824,0.0042090643937428285,1
ENSMUSG00000000420,Galnt1,1.102220097370797,0.4830530513355774,1
ENSMUSG00000033632,AW554918,1.1302198262732306,0.602434964840268,1
ENSMUSG00000024400,Wdr33,1.758059901277798,0.30431263144664256,1
ENSMUSG00000036501,Fam13b,1.1420658654242601,0.6145577953653494,1
ENSMUSG00000043991,Pura,1.6229073636910514,0.06879623428401938,1
ENSMUSG00000024483,Ankhd1,1.2836798789115682,0.6239405684459725,1
ENSMUSG00000024431,Nr3c1,1.8695203605624853,0.5743185147337126,1
ENSMUSG00000037416,Dmxl1,1.3601406770682136,0.11562633221197416,1
ENSMUSG00000024608,Rps14,1.3289102102154993,0.7835162867492222,1
ENSMUSG00000024576,Csnk1a1,1.9669809553959559,0.11343695684814503,1
ENSMUSG00000024587,Nars,1.281526053611381,0.5177599216085761,1
ENSMUSG00000024533,Spire1,1.9869038394226874,0.23450149450380708,1
ENSMUSG00000062328,Rpl17,1.1205276124223882,0.7067031564850061,1
ENSMUSG00000025428,Atp5a1,1.1905269346784721,0.18545844142003987,1
ENSMUSG00000024566,Atp9b,1.6859067537215269,0.16201136357654544,1
ENSMUSG00000048410,Zfp407,1.0306054061395729,0.5230972786725391,1
ENSMUSG00000024855,Pacs1,1.1969884105790336,0.49798029426964147,1
ENSMUSG00000056201,Cfl1,1.3892173186207408,0.6152753712758929,1
ENSMUSG00000024953,Prdx5,1.013913260063122,0.5538033391715532,1
ENSMUSG00000035885,Cox8a,2.747742626713814,0.5610226363244449,1
ENSMUSG00000024969,Mark2,1.037605338365181,0.3496070855618879,1
ENSMUSG00000024661,Fth1,4.411572671108422,0.5776551089226967,1
ENSMUSG00000024642,Tle4,1.5556003230602016,0.5348848806359081,1
ENSMUSG00000024639,Gnaq,3.2280456686555588,0.7954274430236458,1
ENSMUSG00000024750,Zfand5,1.2939105490874574,0.08205519397358069,1
ENSMUSG00000024897,Apba1,2.182363485414675,0.5023107575999955,1
ENSMUSG00000024921,Smarca2,1.5453696528843124,0.2553908577779564,1
ENSMUSG00000024780,Cdc37l1,1.3229871906399846,0.1521944998048006,1
ENSMUSG00000046138,9930021J03Rik,1.2712953834354919,0.28472975375651777,1
ENSMUSG00000040451,Sgms1,1.1749117012521149,0.3272697343566866,1
ENSMUSG00000013663,Pten,2.668051090606888,0.6614831072654879,1
ENSMUSG00000024811,Tnks2,1.2099113623801567,0.5863685345023013,1
ENSMUSG00000025016,Tm9sf3,1.08660486394444,0.4993852549897744,1
ENSMUSG00000025019,Lcor,1.498523952605241,0.5946407318124045,1
ENSMUSG00000036097,Slf2,1.0559128534167723,0.3081718744101878,1
ENSMUSG00000025220,Oga,1.0392207073403217,0.2920111085837601,1
ENSMUSG00000025224,Gbf1,1.0844510386442527,0.246562437912355,1
ENSMUSG00000025041,Nt5c2,1.0402976199904153,0.10974938584500998,1
ENSMUSG00000071528,Atp5md,1.377909735794758,0.6704949471272877,1
ENSMUSG00000024975,Pdcd4,1.300372024988019,0.007251262214990228,1
ENSMUSG00000024983,Vti1a,2.193671068240658,0.2915643525472479,1
ENSMUSG00000040022,Rab11fip2,1.1356043895236985,0.024931124996054876,1
ENSMUSG00000074733,Zfp950,1.3084488698637209,0.23879007454820372,1
ENSMUSG00000031010,Usp9x,1.3046796755883934,0.19569211490498578,1
ENSMUSG00000031012,Cask,2.279824080248146,0.7195790675279963,1
ENSMUSG00000037475,Thoc2,1.2535263247089474,0.5142303382433993,1
ENSMUSG00000067567,Hdac8,1.2960643743876445,0.015172723993098491,1
ENSMUSG00000085715,Tsix,1.9481349840193178,0.5415356485183378,1
ENSMUSG00000086503,Xist,9.586676411133205,0.426396751144281,1
ENSMUSG00000031229,Atrx,2.118287182734106,0.18926623409176535,1
ENSMUSG00000031231,Cox7b,1.303064306613253,0.4000353218116153,1
ENSMUSG00000025261,Huwe1,1.4096786589725192,0.12888370543883354,1
ENSMUSG00000031309,Rps6ka3,1.4026787267469107,0.15757202858239971,1
ENSMUSG00000095041,AC149090.1,9.007835861707896,0.056507211260866,1
