FeatureID,FeatureName,oligodendrocyte Average,oligodendrocyte Log2 Fold Change,oligodendrocyte P-Value
ENSMUSG00000033740,St18,21.456295851562825,8.509289125786506,0
ENSMUSG00000032841,Prr5l,11.534154516079946,8.69459068418324,0
ENSMUSG00000110027,C030029H02Rik,5.079737537015529,8.739373765455358,0
ENSMUSG00000111110,Gm36855,1.2656915464697807,8.545371020693013,0
ENSMUSG00000116885,4930420G21Rik,1.8867369271176386,8.709883092803363,0
ENSMUSG00000117864,Gm19500,2.1161153448206265,8.695109585659498,0
ENSMUSG00000036634,Mag,12.757417684708711,8.327979398530374,7.24193402e-315
ENSMUSG00000026828,Galnt5,1.0034311359400063,8.737122995513596,6.225461765347887e-308
ENSMUSG00000047109,Cldn14,1.0681344121475542,8.743078212104894,1.5245199530760588e-305
ENSMUSG00000076439,Mog,11.593023890334354,8.243376711683252,2.2602532708438627e-305
ENSMUSG00000091712,Sec14l5,5.03757433653602,8.1578431589971,3.168490871033624e-293
ENSMUSG00000111994,A330049N07Rik,2.374928449650818,8.079002671468444,3.963924662248574e-279
ENSMUSG00000100147,1700047M11Rik,5.8887936669713845,7.991014528594192,4.287034871672153e-275
ENSMUSG00000031425,Plp1,55.84794339740512,7.956207881938084,5.944765316612463e-275
ENSMUSG00000105891,A230001M10Rik,2.5162679833337,7.984981850490331,3.963889796329574e-270
ENSMUSG00000026418,Tnni1,1.5213225229618963,8.01275545935254,1.5780253620712235e-269
ENSMUSG00000030994,D7Ertd443e,5.830985002163001,7.923749144098226,1.1261003708202286e-267
ENSMUSG00000050121,Opalin,3.9726220527265417,7.9240192039979185,6.576700012820538e-267
ENSMUSG00000033579,Fa2h,3.7745345636813026,7.846359203356624,1.511349769910175e-259
ENSMUSG00000020774,Aspa,7.817693794568532,7.776755221891214,4.6335699492050846e-254
ENSMUSG00000026830,Ermn,5.532660470468365,7.774608596624381,4.6400754256303265e-253
ENSMUSG00000037625,Cldn11,6.563935229366536,7.758778646462535,4.0972987072277116e-252
ENSMUSG00000041669,Prima1,1.188790111632941,7.852718240263671,2.5364327188926067e-250
ENSMUSG00000027375,Mal,17.631377589195317,7.66410863425822,1.8965655982720309e-243
ENSMUSG00000037280,Galnt6,1.2004579155392199,7.775514240834121,3.810277901778406e-243
ENSMUSG00000004894,Hapln2,2.8612637306534534,7.6209234166638975,1.0088968381647358e-234
ENSMUSG00000047797,Gjb1,1.3219091471091255,7.622163293930943,9.231797984552896e-230
ENSMUSG00000029700,Slc13a1,1.1182529334722533,7.660031505061736,8.839902965668105e-226
ENSMUSG00000026519,Tmem63a,1.3301296453158222,7.551007986470465,3.4948083737605495e-225
ENSMUSG00000044734,Serpinb1a,1.499577979318376,7.45816595966392,2.4159313323642667e-214
ENSMUSG00000031385,Plxnb3,1.058588027133326,7.443516437129047,1.1562520851164762e-211
ENSMUSG00000041828,Abca8a,1.2049659306848277,7.414222612076323,6.77839437349687e-209
ENSMUSG00000041309,Nkx6-2,1.3264171622547334,7.293446541590283,1.6778788210588204e-199
ENSMUSG00000056966,Gjc3,7.037541997016867,7.1753021638568235,2.886702852488964e-196
ENSMUSG00000036777,Anln,3.0044595058668793,7.1397217879543655,7.99698587079626e-190
ENSMUSG00000038173,Enpp6,1.2495157274178936,7.179181374967505,1.635127010168438e-183
ENSMUSG00000037166,Ppp1r14a,3.5846675728427604,7.0225629136864915,1.4309789451268454e-181
ENSMUSG00000027858,Tspan2,6.12559705079655,7.007362553603091,5.632391216814385e-181
ENSMUSG00000052609,Plekhg3,1.4698781148296656,7.051944015678946,9.074448954222296e-181
ENSMUSG00000036098,Myrf,1.177387485088168,7.073592679217637,1.5609550821658426e-180
ENSMUSG00000013523,Bcas1,5.8057931528198985,7.004299773545172,6.5548635432576245e-180
ENSMUSG00000032517,Mobp,10.849996923393578,6.91081337188597,2.405529183774043e-173
ENSMUSG00000038526,Car14,1.1317769789090768,6.932561560914884,8.970292052274087e-169
ENSMUSG00000041377,Ninj2,2.1330866959570325,6.864958862645548,3.0658866243998944e-166
ENSMUSG00000032554,Trf,17.819388338503312,6.805183563865494,4.261734584325692e-165
ENSMUSG00000024810,Il33,5.133833718762823,6.766328092299165,9.079906570151128e-161
ENSMUSG00000086999,Bcas1os2,1.0097953926161585,6.844368120089678,6.021225060170274e-159
ENSMUSG00000020183,Cpm,1.4510505221627152,6.731847235279432,4.885764540382374e-154
ENSMUSG00000039904,Gpr37,1.8925708290707781,6.642989985288248,3.1731840319855174e-149
ENSMUSG00000031775,Pllp,3.3003974413079593,6.586052644012141,1.8894467271059732e-146
ENSMUSG00000022548,Apod,13.804072730574251,6.577823911076436,2.351554139942909e-146
ENSMUSG00000033006,Sox10,3.22853437633974,6.5770232943618065,1.1286657916359759e-145
ENSMUSG00000060716,Plekhh1,3.6289521922143195,6.490350794095927,1.6599865887234354e-139
ENSMUSG00000073538,E330020D12Rik,1.4849932244355273,6.542428227982672,1.8904394606359887e-139
ENSMUSG00000092274,Neat1,13.655838585492205,6.455032885992023,4.3568553734208166e-138
ENSMUSG00000041607,Mbp,38.38044541762072,6.38763899797871,9.884945189342897e-134
ENSMUSG00000032854,Ugt8a,4.70822405354514,6.38813375014829,1.8630343968249718e-132
ENSMUSG00000034714,Ttyh2,2.4383058390508343,6.268309054159246,1.0991894108842704e-123
ENSMUSG00000078771,Evi2a,1.652054962184524,6.229299307992031,1.981531994964765e-119
ENSMUSG00000051041,Olfml1,1.3945677441618638,6.221070897040882,3.6204307996485786e-119
ENSMUSG00000027562,Car2,10.854239761177679,6.160750147501718,6.812949782842242e-118
ENSMUSG00000034317,Trim59,2.2182086290005687,6.171770789144456,4.383177508723719e-116
ENSMUSG00000006782,Cnp,8.27485956580547,6.050010200724035,2.5545480357783987e-110
ENSMUSG00000038608,Dock10,13.222273599429332,5.973869716376153,4.305296517970103e-106
ENSMUSG00000025584,Pde8a,4.074715336906484,5.972583315028013,1.80701176925525e-105
ENSMUSG00000026170,Cyp27a1,1.0331310004287169,5.999060173486959,2.6214408612907432e-104
ENSMUSG00000022500,Litaf,3.367487313769064,5.916632976301335,8.63946970353097e-102
ENSMUSG00000003934,Efnb3,2.2890109845227626,5.809511559607878,4.5191101802239485e-95
ENSMUSG00000053475,Tnfaip6,2.7310616461538384,5.7982861840687185,5.396545552398316e-94
ENSMUSG00000060675,Plaat3,1.4441559107635502,5.7826893579911465,3.919937557479039e-93
ENSMUSG00000026778,Prkcq,1.3595643324430264,5.768397958189619,1.1401030271670175e-91
ENSMUSG00000027199,Gatm,6.736565691707167,5.71573894414481,4.2661458088258964e-91
ENSMUSG00000071042,Rasgrp3,1.1816303228722695,5.754160798425109,8.901179814851242e-91
ENSMUSG00000015112,Slc25a13,3.1633007454091793,5.690839277022986,2.8640355187249536e-88
ENSMUSG00000046160,Olig1,2.4250469709755174,5.654910677170037,8.091030665403517e-87
ENSMUSG00000073982,Rhog,1.195949900393612,5.653974522714506,1.9599986989797484e-85
ENSMUSG00000075324,Fign,1.7586562615100745,5.626307337201711,1.2592608215251645e-84
ENSMUSG00000086607,4930511M06Rik,2.1818793304741995,5.538028436661972,2.807295213870146e-80
ENSMUSG00000031714,Gab1,2.769777540933765,5.510111620291836,6.53396577241107e-80
ENSMUSG00000053007,Creb5,2.8469441531321107,5.482969839095984,2.8468493289427855e-78
ENSMUSG00000040759,Cmtm5,2.8896377083346323,5.456223169022602,2.3867557818276433e-77
ENSMUSG00000005125,Ndrg1,1.754413423725973,5.481496081404906,4.1268413150121136e-77
ENSMUSG00000032060,Cryab,6.081842786148003,5.437077202930314,1.566621011605608e-76
ENSMUSG00000032766,Gng11,1.3272126943392524,5.419160597471081,3.894676615324759e-74
ENSMUSG00000044447,Dock5,1.2139819609760436,5.419055961408005,9.120042448799988e-74
ENSMUSG00000048537,Phldb1,2.6019202711002487,5.281847787654176,4.3442053870949407e-69
ENSMUSG00000030342,Cd9,3.5931532484109634,5.116106672920097,3.4350464031458747e-62
ENSMUSG00000036528,Ppfibp2,1.7440715066272254,5.12338921326944,3.5488794255464433e-62
ENSMUSG00000034903,Cobll1,1.791538254336861,5.111244132211573,1.7489416515493474e-61
ENSMUSG00000071176,Arhgef10,2.5995336748466915,5.075410397901152,2.2934026740649368e-60
ENSMUSG00000097098,9330111N05Rik,1.3001646034656054,5.2144663762363965,6.018296846867929e-60
ENSMUSG00000037242,Clic4,2.7013617816651276,5.051226043120254,1.1058082148843743e-58
ENSMUSG00000015806,Qdpr,4.0683510802303315,5.021131489010275,1.8458073091314477e-58
ENSMUSG00000040260,Daam2,4.432969952301555,4.976966001925193,6.72664686079152e-57
ENSMUSG00000020422,Tns3,1.8379442926004712,4.926577286014698,2.0952556966368574e-54
ENSMUSG00000026421,Csrp1,4.391602283906566,4.89972596630901,4.2200335455852266e-54
ENSMUSG00000078532,Nkain1,1.6494031885694607,4.846636010088134,1.978466078574428e-51
ENSMUSG00000026879,Gsn,1.817525635764483,4.8212324383501075,1.3983028608057e-50
ENSMUSG00000021709,Erbin,4.998858441756093,4.752941056777868,6.729549136253559e-49
ENSMUSG00000049721,Gal3st1,1.276828995653047,4.761389309051094,2.3548912578523432e-48
ENSMUSG00000025429,Pstpip2,3.322407162312986,4.709007036675269,3.935743883991688e-47
ENSMUSG00000015090,Ptgds,47.2827146207502,4.691294146545706,2.3931683961467248e-45
ENSMUSG00000115529,9630013A20Rik,2.677760996491063,4.797722066914667,5.782487794014391e-45
ENSMUSG00000037846,Rtkn2,1.0137730530387536,4.667511823279213,1.3098668873197593e-44
ENSMUSG00000020811,Wscd1,1.5417411797978848,4.61620438084683,5.227357043163585e-44
ENSMUSG00000024640,Psat1,1.153521522552597,4.617501165910201,7.761224566788658e-44
ENSMUSG00000016128,Stard13,3.1102652731079106,4.560299434979212,1.549554342855124e-42
ENSMUSG00000038349,Plcl1,22.204096011010716,4.5269198984610775,9.024702669242445e-42
ENSMUSG00000021696,Elovl7,2.1285786808114247,4.522313792183498,3.3287313409720793e-41
ENSMUSG00000053398,Phgdh,1.4465425070171074,4.506935083145999,1.1985387687741453e-40
ENSMUSG00000018217,Pmp22,1.194358836224574,4.486649804269599,5.0774317999577096e-40
ENSMUSG00000105255,Gm42413,1.9159064368833365,4.483081311265059,5.710828381726067e-40
ENSMUSG00000075284,Wipf1,2.020916672039849,4.429025253399883,1.5861147072856651e-38
ENSMUSG00000039682,Lap3,1.1678411000739397,4.423892839676964,3.770831478249947e-38
ENSMUSG00000017734,Dbndd2,5.8076493943504435,4.374031796481066,2.584590968324396e-37
ENSMUSG00000074892,B3galt5,1.4892360622196288,4.376239543092477,8.92271069259109e-37
ENSMUSG00000047216,Cdh19,3.4305995258075743,4.3308751768894815,5.071619740758184e-36
ENSMUSG00000015714,Cers2,1.2245890554362973,4.339238068120468,7.166818176604459e-36
ENSMUSG00000038668,Lpar1,1.34842688325976,4.317586397548367,3.1394774173478506e-35
ENSMUSG00000041235,Chd7,1.7880909486372787,4.270584302154287,2.423072726876289e-34
ENSMUSG00000028677,Rnf220,7.636842834021205,4.259974944351421,2.6410491906780073e-34
ENSMUSG00000027695,Pld1,1.0312747588981723,4.281540051284059,2.744930368884338e-34
ENSMUSG00000040624,Plekhg1,3.1020447749012137,4.251685969316906,5.953836323125137e-34
ENSMUSG00000033904,Ccp110,2.635332618650048,4.236456719298905,1.590774287513823e-33
ENSMUSG00000043456,Zfp536,12.242178071301884,4.226734134615923,1.9585090259121545e-33
ENSMUSG00000024593,Megf10,1.1670455679894205,4.178013422124392,7.365332833583329e-32
ENSMUSG00000062078,Qk,24.04973044709487,4.1521089350941995,9.711032550308499e-32
ENSMUSG00000089941,Gm16168,4.452858254414531,4.149459577522079,1.8345549143480392e-31
ENSMUSG00000074457,S100a16,1.0644219290864654,4.154533066613854,2.926546329416487e-31
ENSMUSG00000030685,Kctd13,3.357410574031823,4.123426859734577,7.435083784943312e-31
ENSMUSG00000020486,Sept4,8.235878493664037,4.114899891460085,8.88393879527332e-31
ENSMUSG00000023999,Kif6,1.1238216580638865,4.101685002601099,8.734934939286432e-30
ENSMUSG00000021097,Clmn,3.885643878152461,4.074458275908413,9.94585343027894e-30
ENSMUSG00000045404,Kcnk13,1.3675196532882168,4.087480521659458,1.2333975690434397e-29
ENSMUSG00000030168,Adipor2,5.631041271587218,4.046051673572719,3.8306007904953955e-29
ENSMUSG00000046240,Hepacam,3.1192813033991262,3.991267244011347,6.961152662345113e-28
ENSMUSG00000030064,Frmd4b,4.078427819967573,3.980071603853178,1.277387541917703e-27
ENSMUSG00000064373,Selenop,1.708272562823869,3.96795323484644,3.1836482522997125e-27
ENSMUSG00000062591,Tubb4a,10.42173548456083,3.94830595126158,4.496336047605748e-27
ENSMUSG00000027882,Stxbp3,2.9097911878091143,3.9319988633133156,1.3098489857817352e-26
ENSMUSG00000045625,Pigz,1.1219654165333421,3.9447809837633128,1.4922391308937783e-26
ENSMUSG00000066043,Phactr4,1.432488106857271,3.935032659540446,1.652185496286536e-26
ENSMUSG00000049807,Arhgap23,5.246799274764525,3.8729521750179714,1.8513698439073143e-25
ENSMUSG00000037754,Ppp1r16b,5.581983459708544,3.8611440919727293,3.319863786536693e-25
ENSMUSG00000035469,Rcbtb1,3.437228959845233,3.859396322660346,3.7001279615168765e-25
ENSMUSG00000020604,Arsg,1.1686366321584587,3.8711916341767116,4.447996723401069e-25
ENSMUSG00000074794,Arrdc3,1.4059703707066367,3.8498294956425743,9.342273937633472e-25
ENSMUSG00000021143,Pacs2,1.4696129374681592,3.8427609978669697,1.2195307928259082e-24
ENSMUSG00000008734,Gprc5b,1.6061792786439264,3.839120073855978,1.2707709546766035e-24
ENSMUSG00000056515,Rab31,7.593088569372658,3.8144262666095194,2.6514613838662763e-24
ENSMUSG00000025203,Scd2,10.457269251002682,3.770252053121248,1.723941631005925e-23
ENSMUSG00000024597,Slc12a2,4.324777588806967,3.74938167256317,4.8857570737205965e-23
ENSMUSG00000006301,Tmbim1,1.582578493469862,3.746039375734306,7.372848122482452e-23
ENSMUSG00000049493,Pls1,2.6578726943780873,3.7450455940243392,7.372848122482452e-23
ENSMUSG00000020696,Rffl,2.081907465186308,3.723886926268889,1.8072683019821436e-22
ENSMUSG00000025503,Taldo1,2.6740485134299745,3.703626274126865,3.7456403575250666e-22
ENSMUSG00000057963,Itpk1,2.5610829574282716,3.6981987539251673,5.021526887922254e-22
ENSMUSG00000044340,Phlpp1,12.395715763614056,3.6508418549102974,2.506376389561833e-21
ENSMUSG00000037419,Endod1,1.1763267756421427,3.662706647515281,3.076044762822589e-21
ENSMUSG00000035342,Lzts2,1.3505483021518108,3.6397237100505695,6.460766059351052e-21
ENSMUSG00000053024,Cntn2,2.2396879952825826,3.6021332556893135,2.3564786175453734e-20
ENSMUSG00000055717,Slain1,2.9209286369923806,3.5999778958202153,2.3564786175453734e-20
ENSMUSG00000020023,Tmcc3,2.7774676844174486,3.582356396860297,5.35572119565684e-20
ENSMUSG00000037196,Pacrg,6.369029868659374,3.5681949199686764,7.619736115414402e-20
ENSMUSG00000058325,Dock1,2.6048372220768186,3.5656999819251274,8.671472652519721e-20
ENSMUSG00000024516,Sec11c,3.5470123875088593,3.5418305411245274,2.0919994421288187e-19
ENSMUSG00000030880,Polr3e,2.9731685772091305,3.5348271730833662,2.9954455738314414e-19
ENSMUSG00000001786,Fbxo7,2.0370924910917356,3.533486733221003,3.12554593495973e-19
ENSMUSG00000022885,St6gal1,2.613588075006528,3.4992644776597714,1.0989144719112162e-18
ENSMUSG00000025997,Ikzf2,1.459271020369412,3.4648736333367465,4.496956448150222e-18
ENSMUSG00000026888,Grb14,3.5804247350586587,3.452805714536369,5.373378445918732e-18
ENSMUSG00000105265,Sox2ot,8.87469075753282,3.441327947311506,7.949654825173929e-18
ENSMUSG00000024381,Bin1,7.083682857918971,3.430293825268928,1.0482747758088664e-17
ENSMUSG00000025880,Smad7,2.6939368155429504,3.434319337700721,1.0585707512999714e-17
ENSMUSG00000038695,Josd2,2.17604542852106,3.4351226697012907,1.0815536247677683e-17
ENSMUSG00000003534,Ddr1,2.272304810747863,3.4231379538211266,1.5683351610006504e-17
ENSMUSG00000038481,Cdk19,5.185808481618066,3.413439861608103,1.9322740792512803e-17
ENSMUSG00000066113,Adamtsl1,1.8411264209385474,3.4137762538623635,2.688601470514143e-17
ENSMUSG00000006651,Aplp1,16.768225277492167,3.3972773116152974,3.0967789921404923e-17
ENSMUSG00000024812,Tjp2,1.3195225508555686,3.4001934624353063,4.0818660298213295e-17
ENSMUSG00000024985,Tcf7l2,1.084840585922454,3.4047232477526532,4.266430738243687e-17
ENSMUSG00000025375,Aatk,3.1033706617087455,3.3813429074219497,6.105616005798448e-17
ENSMUSG00000033595,Lgi3,1.865522738197131,3.3849507998483883,6.322205275630635e-17
ENSMUSG00000031918,Mtmr2,1.7687330012473155,3.3829362923804327,6.654552115619303e-17
ENSMUSG00000063458,Lrmda,2.0556549063971796,3.383193390430486,8.118549136880008e-17
ENSMUSG00000021375,Kif13a,3.4107112236945984,3.3528483606464565,1.5397504163571526e-16
ENSMUSG00000028525,Pde4b,36.119278056056125,3.3036678488802513,6.731539823279625e-16
ENSMUSG00000000708,Kat2b,1.0410863212739072,3.316884800005015,6.857635464199991e-16
ENSMUSG00000060012,Kif13b,5.306994535826465,3.292461124495028,1.0260776678223821e-15
ENSMUSG00000004347,Pde1c,1.0713165404856304,3.309027297700614,1.0582293442221853e-15
ENSMUSG00000066129,Kndc1,2.0885368992239663,3.2857503004210074,1.5053555017030701e-15
ENSMUSG00000015149,Sirt2,2.891759127226683,3.2538625528865612,3.673185585006683e-15
ENSMUSG00000070315,4930581F22Rik,1.071846895208643,3.2611640219186784,3.7678630154788834e-15
ENSMUSG00000026473,Glul,5.427915412673358,3.2428346706451805,5.006731390502629e-15
ENSMUSG00000022742,Cpox,1.6501987206539797,3.239632935790342,6.420170305819269e-15
ENSMUSG00000052544,St6galnac3,13.069001084478664,3.2139123156556657,1.1346541587198988e-14
ENSMUSG00000026447,Pik3c2b,1.1389367676697482,3.2167564132819675,1.4296196497908897e-14
ENSMUSG00000019647,Sema6a,2.3401902152934873,3.197828419090481,2.0779975025026838e-14
ENSMUSG00000000149,Gna12,1.9551526863862754,3.191503638301924,2.4980146965328538e-14
ENSMUSG00000019996,Map7,11.14063131160453,3.178992755096894,3.03954673301735e-14
ENSMUSG00000090053,Pakap,7.213089410334067,3.1725075122819657,4.003641915477451e-14
ENSMUSG00000024176,Sox8,1.8490817417837377,3.171870816998156,4.463121893551795e-14
ENSMUSG00000043993,2900052L18Rik,1.2288318932203988,3.15974239385186,6.871128300042141e-14
ENSMUSG00000026347,Tmem163,1.3945677441618638,3.140179538206723,1.555323631010918e-13
ENSMUSG00000034235,Usp54,2.7140902950174324,3.123848397786043,1.6104520839999677e-13
ENSMUSG00000022425,Enpp2,9.423607895850951,3.1201074915439824,1.6399843502818525e-13
ENSMUSG00000026109,Tmeff2,22.696000016604984,3.1138648893321688,1.9189489424540056e-13
ENSMUSG00000038936,Sccpdh,1.2919441052589087,3.122465650959895,1.9651154548904045e-13
ENSMUSG00000007659,Bcl2l1,3.1818631607146233,3.1142924803886487,2.0992377195836e-13
ENSMUSG00000026385,Dbi,2.3311741850022716,3.104101517699667,2.9855225780369956e-13
ENSMUSG00000020121,Srgap1,1.35929915508152,3.0888703892664418,4.969799925680748e-13
ENSMUSG00000037706,Cd81,7.739201295562654,3.073950712676069,5.887773471315105e-13
ENSMUSG00000026203,Dnajb2,2.2996180789830163,3.0742345303626752,6.420287613120068e-13
ENSMUSG00000021242,Npc2,1.203640043877296,3.061226149245786,1.0415094593339805e-12
ENSMUSG00000035441,Myo1d,2.3327652491713096,3.055259630814259,1.104099301370607e-12
ENSMUSG00000021662,Arhgef28,1.857832594713447,3.050610002208458,1.2678243481644212e-12
ENSMUSG00000075415,Fnbp1,9.275373750768905,3.038404394669215,1.485647622440569e-12
ENSMUSG00000022044,Stmn4,6.2083323875865295,3.0391521486418074,1.4944109382573386e-12
ENSMUSG00000028082,Sh3d19,3.1617096812401413,3.03566142995526,1.759537816392424e-12
ENSMUSG00000039217,Il18,1.1567036508906732,3.0304841842036767,2.337062064729549e-12
ENSMUSG00000026944,Abca2,1.8106310243653179,3.0241942467022964,2.5252114954142266e-12
ENSMUSG00000015354,Pcolce2,1.2418255839342096,3.027725299347423,2.594773648488012e-12
ENSMUSG00000035189,Ano4,8.74263243150266,3.0167810087790716,2.710762930807156e-12
ENSMUSG00000024780,Cdc37l1,8.774984069606434,2.993785301503956,4.711910638497594e-12
ENSMUSG00000038495,Otud7b,4.063843065084724,2.9911210668365324,5.277889305277733e-12
ENSMUSG00000039960,Rhou,3.681457309792576,2.9825423533909974,6.736487939932396e-12
ENSMUSG00000026566,Mpzl1,1.091204842598606,2.9764747044222553,9.923630821262904e-12
ENSMUSG00000047368,Abhd17b,4.775313926006246,2.9618446782035117,1.0962496128899934e-11
ENSMUSG00000018427,Ypel2,3.6329298526369147,2.9599127961479024,1.1800234073034681e-11
ENSMUSG00000038633,Degs1,1.631371127987029,2.954788222430424,1.4912804422932943e-11
ENSMUSG00000055013,Agap1,5.574558493586367,2.940148753385304,1.9093564010730195e-11
ENSMUSG00000040606,Kazn,1.3752097967719008,2.9396773451875085,2.2695387103371933e-11
ENSMUSG00000040234,Tm7sf3,1.3250912754472017,2.9193870154953387,3.647342894970428e-11
ENSMUSG00000025351,Cd63,1.4080917895986875,2.9025615011239188,5.6584847597039165e-11
ENSMUSG00000034663,Bmp2k,1.1344287525241403,2.900712676415647,6.110835469230949e-11
ENSMUSG00000028691,Prdx1,2.7891354883237276,2.8921525604691762,6.3772536157477e-11
ENSMUSG00000041112,Elmo1,8.44881591495363,2.885457161635146,7.326560018221746e-11
ENSMUSG00000026748,Plxdc2,5.7182846235228055,2.884838463084847,7.897119886270118e-11
ENSMUSG00000023805,Synj2,1.7257742686832878,2.882670026890087,8.446153291104334e-11
ENSMUSG00000028347,Tmeff1,2.9063438821095318,2.8646384184783993,1.2168654608980804e-10
ENSMUSG00000021957,Tkt,1.823094360356116,2.836359892615347,2.3957797199069883e-10
ENSMUSG00000024661,Fth1,19.697904767414254,2.832319001464186,2.413952401947619e-10
ENSMUSG00000032020,Ubash3b,2.020916672039849,2.7873145653910116,7.647179859767525e-10
ENSMUSG00000031447,Lamp1,5.131712299870772,2.778686478722536,7.996736252800688e-10
ENSMUSG00000076432,Ywhaq,4.495286632255546,2.776688045432505,8.448579271664986e-10
ENSMUSG00000026608,Kctd3,1.733729589528478,2.7760146314248333,9.335708960163625e-10
ENSMUSG00000075254,Heg1,1.2755031088455153,2.778264619822969,1.047321555692971e-09
ENSMUSG00000020570,Sypl,1.7599821483176061,2.758935124086765,1.3345095860097976e-09
ENSMUSG00000061436,Hipk2,3.807946911231102,2.7523069338838844,1.4269290835637923e-09
ENSMUSG00000033577,Myo6,3.815106699991773,2.752685976487177,1.4286994954575516e-09
ENSMUSG00000026737,Pip4k2a,4.154003367996881,2.742314299300419,1.7899140507622762e-09
ENSMUSG00000050840,Cdh20,4.5080151456078505,2.722676099244471,2.7334494676142343e-09
ENSMUSG00000036503,Rnf13,4.282084033604446,2.7146328030098257,3.1313585434997072e-09
ENSMUSG00000029554,Mad1l1,1.0336613551517295,2.7197790764628462,3.3460230322386134e-09
ENSMUSG00000047976,Kcna1,4.550708700810372,2.6979346328337352,4.497842131556779e-09
ENSMUSG00000019970,Sgk1,4.327164185060524,2.6870766004057884,5.712707120178692e-09
ENSMUSG00000025915,Sgk3,2.7156813591864704,2.6877725352195956,5.892246450909477e-09
ENSMUSG00000029723,Tsc22d4,1.8750691232113594,2.673302375671415,7.843346126776221e-09
ENSMUSG00000035168,Tanc1,1.215042670422069,2.6729153256251252,8.508596823030411e-09
ENSMUSG00000033308,Dpyd,2.0301978796925706,2.6682012025658146,9.392791619415641e-09
ENSMUSG00000049690,Nckap5,1.9623124751469467,2.665535716002069,9.820005196982666e-09
ENSMUSG00000081534,Slc48a1,2.4178871822148458,2.6570244350862247,1.0502514109062724e-08
ENSMUSG00000030203,Dusp16,1.234400617812032,2.6539360368359146,1.2039853548875381e-08
ENSMUSG00000031441,Atp11a,1.3216439697476192,2.6517161985975872,1.2325415891131593e-08
ENSMUSG00000026238,Ptma,5.222402957505942,2.638005221775381,1.4764825774829299e-08
ENSMUSG00000019899,Lama2,1.6639879434523095,2.6438223928201365,1.4780718497122629e-08
ENSMUSG00000001833,Sept7,11.782625703811389,2.6255959892829086,1.8240368816462266e-08
ENSMUSG00000026442,Nfasc,7.083948035280478,2.620473678621522,2.0540041571044887e-08
ENSMUSG00000036046,5031439G07Rik,2.780914990117031,2.621782669397504,2.0592475051254876e-08
ENSMUSG00000034648,Lrrn1,1.177387485088168,2.6179347876624277,2.4574270372520583e-08
ENSMUSG00000034157,Cipc,2.7334482424073956,2.611499406169784,2.5031887241109377e-08
ENSMUSG00000108621,Gm37494,1.0562014308797687,2.6090314402879353,2.898042857332433e-08
ENSMUSG00000032186,Tmod2,5.4188993823821425,2.5971843164897392,3.20632045937431e-08
ENSMUSG00000054364,Rhob,1.2155730251450816,2.5835501378059176,4.649595415934491e-08
ENSMUSG00000079564,Gm11149,2.5260795457094343,2.5304386767763254,1.152284283959883e-07
ENSMUSG00000020576,Nbas,3.3651007175155074,2.516347862085585,1.448823519344231e-07
ENSMUSG00000031990,Jam3,2.085089593524384,2.5064438754556115,1.7662015777747097e-07
ENSMUSG00000009828,Ick,1.049306819480604,2.498966959113425,2.1490983299731193e-07
ENSMUSG00000034488,Edil3,16.403341228059436,2.4880253510052484,2.312968711566051e-07
ENSMUSG00000023495,Pcbp4,1.1246171901484054,2.491118718909305,2.506501934365654e-07
ENSMUSG00000045071,E130308A19Rik,1.800023929905064,2.4855299737871683,2.5840969520245173e-07
ENSMUSG00000051234,Rnf7,1.0721120725701494,2.479365733678738,3.0924840933565125e-07
ENSMUSG00000034210,Efcab14,1.5226484097694282,2.474191864702705,3.166712966102261e-07
ENSMUSG00000043154,Ppp2r3a,6.3045917698133325,2.462627177547707,3.623546249580097e-07
ENSMUSG00000084925,1810062O18Rik,1.0068784416395888,2.4634743695875825,4.01814927896038e-07
ENSMUSG00000023827,Agpat4,3.199099689212536,2.457106875778366,4.0464628244733337e-07
ENSMUSG00000068798,Rap1a,2.5210411758408138,2.456538856368287,4.1330060211646453e-07
ENSMUSG00000025702,March8,1.3980150498614463,2.444938651554225,5.215301601602639e-07
ENSMUSG00000028967,Errfi1,1.601140908775306,2.425977636827882,7.440951061046798e-07
ENSMUSG00000031833,Mast3,7.441937473314042,2.4135253045240437,8.221494460650827e-07
ENSMUSG00000019927,Ube2d1,2.1903650060424025,2.407934151528182,9.338067649299185e-07
ENSMUSG00000032118,Fez1,3.529775859010947,2.3945599191505584,1.1382311802004048e-06
ENSMUSG00000023923,Tbc1d5,7.478531949201917,2.3908413623575413,1.1854570329599375e-06
ENSMUSG00000034574,Daam1,3.278652897664439,2.387545174799759,1.2691056319874357e-06
ENSMUSG00000030310,Slc6a1,2.4969100359437366,2.386343874999507,1.3350995977208507e-06
ENSMUSG00000028385,Snx30,2.1354732922105892,2.3837688009190927,1.3684176520246637e-06
ENSMUSG00000021112,Mpp5,1.074763846185213,2.374688140412174,1.6718520723558534e-06
ENSMUSG00000020231,Dip2a,2.6324156676734782,2.368993476937284,1.7129771467298814e-06
ENSMUSG00000020331,Hcn2,2.0697093065570162,2.362704825258989,1.926035397200694e-06
ENSMUSG00000036745,Ttll7,7.182859191122344,2.358944084951362,1.944274637192472e-06
ENSMUSG00000052040,Klf13,3.1855756437757123,2.3577310984966497,2.0290204323080307e-06
ENSMUSG00000022799,Arhgap31,1.1686366321584587,2.327013731839533,3.6527636931931124e-06
ENSMUSG00000022790,Igsf11,1.4375264767258917,2.309324350714487,4.450546103516485e-06
ENSMUSG00000032050,Rdx,1.8697655759812326,2.3056331656908977,4.564457884877545e-06
ENSMUSG00000034377,Tulp4,5.170693372012204,2.2987215348972425,4.85420249408615e-06
ENSMUSG00000040268,Plekha1,3.2874037505941485,2.2835220998607886,6.167425466920392e-06
ENSMUSG00000054619,Mettl7a1,2.076073563233168,2.2828389650503267,6.363638972715729e-06
ENSMUSG00000075590,Nrbp2,1.2253845875208162,2.282152857928144,6.622911553746806e-06
ENSMUSG00000022708,Zbtb20,7.337987947603556,2.2715334470937654,7.406917178315576e-06
ENSMUSG00000040265,Dnm3,9.684807596934702,2.2646004769254824,7.932288358969016e-06
ENSMUSG00000027533,Fabp5,1.4669611638530957,2.2692811722301807,7.980080940906517e-06
ENSMUSG00000008348,Ubc,2.6456745357487956,2.2660307898312704,8.013274985260891e-06
ENSMUSG00000030638,Sh3gl3,1.431692574772752,2.267869400917765,8.04090450348168e-06
ENSMUSG00000087259,2610035D17Rik,2.2505602671043428,2.2640915578462963,8.27821180912876e-06
ENSMUSG00000025790,Slco3a1,2.577523953841665,2.254455685095617,9.581041168752325e-06
ENSMUSG00000032087,Dscaml1,6.0492259706827225,2.249503073182043,1.0055854274113274e-05
ENSMUSG00000037736,Limch1,5.264035803262438,2.2247072930136658,1.3991121635823364e-05
ENSMUSG00000018171,Vmp1,7.215741183949131,2.220746750530665,1.455200660825496e-05
ENSMUSG00000032064,Dixdc1,2.4489129335110884,2.206734187945225,1.8034236357519914e-05
ENSMUSG00000028412,Slc44a1,5.112884707203822,2.2032306995386377,1.8546269710348675e-05
ENSMUSG00000035891,Cerk,1.4544978278622978,2.195882867863383,2.1430559921335185e-05
ENSMUSG00000033713,Foxn3,4.3640238383099055,2.18602819009711,2.333592883500748e-05
ENSMUSG00000061175,Fnip2,1.6197033240807501,2.184089839085204,2.4763899254646838e-05
ENSMUSG00000037996,Slc24a2,25.532867429999854,2.178956059363755,2.5152537813640077e-05
ENSMUSG00000072235,Tuba1a,6.519385432633471,2.174361956184451,2.69938512277547e-05
ENSMUSG00000021969,Zdhhc20,3.5881148785423425,2.1721009329981067,2.793456630133928e-05
ENSMUSG00000025812,Pard3,2.21449614593948,2.1715001172307784,2.8577516350546058e-05
ENSMUSG00000104283,Gm37459,3.1057572579623027,2.1704821559331586,2.9373602243826957e-05
ENSMUSG00000047712,Ust,1.0230542606914756,2.1783096303727065,2.9583830574357e-05
ENSMUSG00000104093,A330015K06Rik,3.7236205102720845,2.1688107616626935,2.9643109734386776e-05
ENSMUSG00000022744,Cldnd1,1.0349872419592612,2.1646181548743546,3.2715073513001365e-05
ENSMUSG00000026074,Map4k4,2.6440834715797576,2.1462023181119814,3.913836935666451e-05
ENSMUSG00000022462,Slc38a2,4.898886576468202,2.1406692530415117,4.289963196144233e-05
ENSMUSG00000034579,Pla2g3,1.0596487365793512,2.132373125821499,4.891948541556969e-05
ENSMUSG00000039361,Picalm,2.229876432906848,2.1222716958351393,5.3111800240267586e-05
ENSMUSG00000004633,Chn2,1.9167019689678555,2.1203464913627137,5.553520124539743e-05
ENSMUSG00000043733,Ptpn11,2.1662338661453253,2.1150810133984637,5.776362396086156e-05
ENSMUSG00000017132,Cyth1,2.206010470371277,2.1104956850138947,6.0883818803786885e-05
ENSMUSG00000030616,Sytl2,2.6509780829789222,2.1076289997198145,6.311243161762282e-05
ENSMUSG00000004070,Hmox2,1.3232350339166572,2.102926756076288,6.845532764357158e-05
ENSMUSG00000036402,Gng12,1.3192573734940622,2.101454758391135,7.021278254033406e-05
ENSMUSG00000015305,Sash1,1.1999275608162072,2.102321843387334,7.03828470254049e-05
ENSMUSG00000037679,Inf2,1.3388804982455316,2.096166130180351,7.39682344400962e-05
ENSMUSG00000034751,Mast4,16.863423950272942,2.0901230125963237,7.563782945294678e-05
ENSMUSG00000031605,Klhl2,5.115271303457378,2.0757421921229575,9.061106964280482e-05
ENSMUSG00000026842,Abl1,1.2126560741685117,2.068915177948667,0.00010291832269129558
ENSMUSG00000052331,Ankrd44,1.1039333559509106,2.065279535819546,0.00011053399863198926
ENSMUSG00000006800,Sulf2,1.5451884854974673,2.0619990404834945,0.00011053399863198926
ENSMUSG00000026872,Zeb2,12.39836753722912,2.0508204196377147,0.00011987896065405245
ENSMUSG00000004032,Gstm5,1.1633330849283319,2.0470221599220175,0.0001333089699809024
ENSMUSG00000027164,Traf6,1.0355175966822738,2.0426036192426884,0.00013843969235169038
ENSMUSG00000022270,Retreg1,1.600345376690787,2.0345826584590654,0.00014886322048073626
ENSMUSG00000041889,Shisa4,3.904471470819411,2.03045653157711,0.00015227334229924317
ENSMUSG00000061451,Tmem151a,2.0047408529879616,2.0234193591802074,0.0001679349449976543
ENSMUSG00000037656,Slc20a2,1.5213225229618963,2.0117464640619276,0.00019201341480892117
ENSMUSG00000042105,Inpp5f,1.6276586449259405,2.009296704043764,0.0001973478714797231
ENSMUSG00000029580,Actb,10.925572471422885,2.003194587228976,0.00020598336033500367
ENSMUSG00000025137,Pcyt2,2.5231625947328644,2.0036134817613225,0.00020771302263257875
ENSMUSG00000006205,Htra1,1.465635277045564,1.9989755288076672,0.00022911001264707545
ENSMUSG00000024413,Npc1,1.1354894619701656,1.9962379665559857,0.0002301150967623791
ENSMUSG00000020532,Acaca,3.818819183052862,1.981924592534637,0.0002607215870317565
ENSMUSG00000021451,Sema4d,1.7141064647770086,1.9807247379973651,0.0002673989333973686
ENSMUSG00000027238,Frmd5,15.000022630967862,1.9758183839885766,0.0002752777125561838
ENSMUSG00000031608,Galnt7,1.3712321363493056,1.9752901853261493,0.000287857198848268
ENSMUSG00000039959,Hip1,1.5595080630188098,1.9705029095651727,0.0003005637190516767
ENSMUSG00000098243,Gm4258,5.728891717983059,1.9658849944906505,0.0003058296647849985
ENSMUSG00000021981,Cab39l,1.6570933320531447,1.967474414419209,0.0003099449806325881
ENSMUSG00000045962,Wnk1,3.4571172619582087,1.9633457998394173,0.0003163119127620396
ENSMUSG00000025558,Dock9,3.547277564870366,1.950529540348103,0.00036193972989335553
ENSMUSG00000005873,Reep5,3.1248500279907594,1.9474584082089879,0.0003730660801947066
ENSMUSG00000033208,S100b,1.0363131287667928,1.9417112336198186,0.00042034643217274485
ENSMUSG00000026490,Cdc42bpa,8.15871188146569,1.9325245858840419,0.00043104295173090163
ENSMUSG00000041362,Shtn1,3.309413471599175,1.9310195342222927,0.0004418820480935638
ENSMUSG00000034135,Sik3,5.757265695664238,1.9294025073809777,0.00044607426236419544
ENSMUSG00000014547,Wdfy2,1.0235846154144883,1.9306856651879545,0.00045902217812594966
ENSMUSG00000033653,Vps8,2.153770530154527,1.9272963471381641,0.0004621615755260763
ENSMUSG00000022472,Desi1,2.1940774891034915,1.9253783384138994,0.0004696775322733687
ENSMUSG00000069670,Nkain2,58.259731500305314,1.91723070985834,0.0005023690154460427
ENSMUSG00000046897,Zfp740,1.0866968274529982,1.9165097559644801,0.0005255791942166391
ENSMUSG00000029426,Scarb2,1.1726142925810539,1.915696249611382,0.0005291186582838168
ENSMUSG00000030849,Fgfr2,11.065055763575222,1.907302946400945,0.0005528947338519041
ENSMUSG00000059070,Rpl18,1.5671982065024939,1.9094305210565357,0.000560263468703344
ENSMUSG00000002985,Apoe,11.003799793067257,1.9086424697749496,0.0005738976631591812
ENSMUSG00000021830,Txndc16,1.9283697728741347,1.9030548622351078,0.0005861319646496899
ENSMUSG00000050708,Ftl1,1.5215877003234026,1.9039029685150959,0.0005910533286479494
ENSMUSG00000032382,Snx1,1.430897042688233,1.9024706906769544,0.0005926680530736124
ENSMUSG00000030774,Pak1,6.064075902927078,1.8973781112923054,0.0006092076403487039
ENSMUSG00000036529,Sbf1,1.5547348705116957,1.887117426181188,0.0006896117584400109
ENSMUSG00000037957,Wdr20,1.3587688003585074,1.8694798250209184,0.0008139320682876687
ENSMUSG00000039542,Ncam1,8.89643530117634,1.8648935629361711,0.0008300463741531441
ENSMUSG00000001036,Epn2,3.2518699841522984,1.8651881755693582,0.0008408627249688543
ENSMUSG00000035093,Secisbp2l,2.0641405819653826,1.8635029277469544,0.0008555444677584627
ENSMUSG00000002015,Bcap31,1.0161596492923108,1.860631613576037,0.0008979479717605779
ENSMUSG00000059921,Unc5c,8.969889430313597,1.8539678184373456,0.0009231953001495985
ENSMUSG00000023010,Tmbim6,2.368033838251653,1.853713359303213,0.0009324491058708946
ENSMUSG00000021248,Tmed10,1.981140067813897,1.844416026617579,0.0010233429294629107
ENSMUSG00000022051,Bnip3l,1.3534652531283806,1.843926208356366,0.001044462594516743
ENSMUSG00000035158,Mitf,1.4006668234765098,1.837935577774804,0.001101657171535271
ENSMUSG00000025730,Rab40c,1.592655233207103,1.8358304622903068,0.0011083928653994556
ENSMUSG00000041926,Rnpep,1.045594336419515,1.8295805222895294,0.0011932469182646206
ENSMUSG00000087625,4930419G24Rik,5.350218445752,1.8254540817378744,0.0012076720799771932
ENSMUSG00000027674,Pex5l,19.61702567215482,1.8149105063783546,0.0013163159433041422
ENSMUSG00000054752,Fsd1l,1.3616857513350773,1.810954244151377,0.0013961260422352237
ENSMUSG00000018411,Mapt,10.999026600560143,1.8076797271854166,0.0014004681398164884
ENSMUSG00000111846,Gm47271,1.33463766046143,1.8056680343116616,0.0014675833641195407
ENSMUSG00000032537,Ephb1,2.368033838251653,1.8034742983074081,0.0014763485692452663
ENSMUSG00000025026,Add3,1.7366465405050477,1.8035967467495801,0.0014831108223568982
ENSMUSG00000019843,Fyn,2.5329741571085993,1.788072949424787,0.0016927646057442755
ENSMUSG00000020640,Itsn2,2.2919279354993325,1.7841291843945724,0.0017365867991687733
ENSMUSG00000060032,H2afj,1.3661937664806851,1.7840894063711383,0.0017648470203169364
ENSMUSG00000026991,Pkp4,2.947976727866028,1.7774822405571906,0.0018393496271631286
ENSMUSG00000019978,Epb41l2,1.1068503069274804,1.7826702088317727,0.0018543142603758987
ENSMUSG00000035901,Dennd5a,1.7597169709560998,1.7651609938697033,0.002062071503270859
ENSMUSG00000060743,H3f3a,1.7469884576037953,1.7648488961876012,0.0020737690999421284
ENSMUSG00000043153,Crppa,1.0103257473391711,1.764348367356932,0.0021105124680896926
ENSMUSG00000022108,Itm2b,8.099842507211282,1.7585808526348448,0.0021530057400448617
ENSMUSG00000020827,Mink1,2.028871992885039,1.754322814453779,0.0022577756262451947
ENSMUSG00000021552,Gkap1,1.241295229211197,1.7533143757027467,0.002305956919623085
ENSMUSG00000068290,Ddrgk1,1.231218489473956,1.7445006973317385,0.002489169105797372
ENSMUSG00000012609,Ttll5,2.0397442647067994,1.732602851924774,0.002704890781187239
ENSMUSG00000053907,Mat2a,2.693671638181444,1.7318901682334162,0.0027068959813423277
ENSMUSG00000031748,Gnao1,5.554670191473391,1.7275121995346168,0.00279460672029222
ENSMUSG00000034858,Fam214a,1.6547067357995875,1.7282354053537796,0.002815284597838589
ENSMUSG00000032340,Neo1,2.626581765720339,1.7261061482907554,0.002837580313979047
ENSMUSG00000027598,Itch,2.9601748864953197,1.7202939267088138,0.0029657452466137716
ENSMUSG00000027223,Mapk8ip1,1.467756695937615,1.71891334434238,0.0030498083120833056
ENSMUSG00000014496,Ankrd28,3.0765877481966046,1.7084607699852654,0.003267912713646682
ENSMUSG00000020458,Rtn4,10.58720615814079,1.7058305977305255,0.0033144082400948303
ENSMUSG00000030259,Rassf8,1.3163404225174924,1.7014742389947237,0.0034954109601784385
ENSMUSG00000028552,Eps15,1.57038033484057,1.699277716403825,0.0035436508325672584
ENSMUSG00000007867,Ift43,1.170492873689003,1.689994708268471,0.00384739436364165
ENSMUSG00000068923,Syt11,4.8477073456974775,1.682293243426136,0.004002730785721566
ENSMUSG00000025060,Slk,1.7080073854623627,1.6735026865816995,0.0043282245224999846
ENSMUSG00000036019,Tmtc2,3.282630558087034,1.6637468463313194,0.004647407445564112
ENSMUSG00000022514,Il1rap,3.5520507573774798,1.6629730752689365,0.004652450104824691
ENSMUSG00000032518,Rpsa,2.428759454036606,1.664820556330239,0.004654949072308123
ENSMUSG00000012848,Rps5,1.2895575090053515,1.652546618848839,0.005158220911605587
ENSMUSG00000018567,Gabarap,1.0874923595375174,1.6487492861406012,0.005325276656156959
ENSMUSG00000021917,Spcs1,1.0095302152546521,1.635762359402181,0.005896709029889444
ENSMUSG00000038127,Ccdc50,1.9159064368833365,1.6326027918478738,0.005898152081578804
ENSMUSG00000033392,Clasp2,5.94421573552621,1.6308052876436812,0.005917090448236214
ENSMUSG00000033769,Exoc6b,5.7824575450073405,1.6255361834011546,0.006149620364013075
ENSMUSG00000037742,Eef1a1,3.3669569590460515,1.6229185081438038,0.006331021282250294
ENSMUSG00000029106,Add1,2.6101407693069456,1.6061963067691283,0.007179555576316874
ENSMUSG00000036053,Fmnl2,3.953529282698085,1.6048117566694247,0.007242551661793153
ENSMUSG00000024535,Snx24,1.9705329733536434,1.6044305014437867,0.007314038359141446
ENSMUSG00000006333,Rps9,1.330660000038835,1.5999125647545922,0.007601350100991427
ENSMUSG00000024077,Strn,1.430101510603714,1.5979291251950651,0.007652878678562884
ENSMUSG00000024222,Fkbp5,1.1776526624496744,1.6006549575484763,0.007688401622728114
ENSMUSG00000028565,Nfia,3.195387206151447,1.592033613318383,0.007956761700922688
ENSMUSG00000027422,Rrbp1,1.2463335990798174,1.5924466361627763,0.008009350086073301
ENSMUSG00000040351,Ankib1,1.888593168648183,1.5776303660945856,0.008808208764636179
ENSMUSG00000028538,St3gal3,1.763694631378695,1.5768965525003573,0.008879951361847369
ENSMUSG00000098145,Gm26936,1.076354910354251,1.5745904890443865,0.009115714093674045
ENSMUSG00000061028,Clasrp,1.4560888920313357,1.5725737707364729,0.00918133500918057
ENSMUSG00000052713,Zfp608,1.333842128376911,1.5726784987251698,0.009215118773004505
ENSMUSG00000022174,Dad1,1.1834865644028139,1.5725445361087693,0.009272161991409565
ENSMUSG00000032412,Atp1b3,1.7944552053134308,1.567725443306211,0.009488080066501545
ENSMUSG00000063296,Tmem117,1.2322791989199813,1.569146222518455,0.009506036856275026
ENSMUSG00000070733,Fryl,2.3969381706558446,1.56586340377695,0.009571028174530585
ENSMUSG00000032228,Tcf12,4.109453571263815,1.556682862605292,0.01018284788599908
ENSMUSG00000038740,Mvb12b,1.1076458390119994,1.558003045995608,0.010250696470367585
ENSMUSG00000030744,Rps3,1.491092303750173,1.5488825017448997,0.010937829700128951
ENSMUSG00000054162,Spock3,3.1866363532217377,1.5463555839580343,0.011048088205499854
ENSMUSG00000111593,Gm48742,1.326151984893227,1.5451721250061758,0.011202303080036844
ENSMUSG00000043716,Rpl7,1.0082043284471205,1.544832618232314,0.011332242539698006
ENSMUSG00000075702,Selenom,1.0893486010680618,1.5371481270970024,0.011916468420866256
ENSMUSG00000028328,Tmod1,1.3810436987250403,1.5277921307802798,0.012603533856408288
ENSMUSG00000043067,Dpy19l1,1.4812807413744384,1.5218139366469448,0.013127236259003522
ENSMUSG00000028832,Stmn1,6.555449553798334,1.5179445121755806,0.013339393531994752
ENSMUSG00000066687,Zbtb16,3.7774515146578724,1.5178869692243635,0.013367151278105676
ENSMUSG00000029838,Ptn,7.078114133327338,1.5156796992880524,0.013591707414725405
ENSMUSG00000058070,Eml1,1.470938824275691,1.5157969665459818,0.013647860325034403
ENSMUSG00000045128,Rpl18a,1.388468664847218,1.5157915453132382,0.013749308099792282
ENSMUSG00000028849,Map7d1,1.292209282620415,1.5067569080176175,0.014519561538767883
ENSMUSG00000019054,Fis1,1.1397322997542672,1.5068244721904445,0.014584947301421432
ENSMUSG00000075701,Selenos,1.2569406935400713,1.5037076719095042,0.014805787905934436
ENSMUSG00000042439,Zfp532,1.610422116428028,1.5024531479187897,0.014825886049993794
ENSMUSG00000020642,Rnf144a,1.0137730530387536,1.503338571983241,0.014864231693120447
ENSMUSG00000007815,Rhoa,1.4558237146698294,1.5015498929814608,0.014964466392081153
ENSMUSG00000071076,Jund,1.5290126664455803,1.500652119004942,0.015042700128349618
ENSMUSG00000020460,Rps27a,1.979549003644859,1.499354684624216,0.015160194147284665
ENSMUSG00000032479,Map4,2.5822971463487794,1.480523026589662,0.017012156396769895
ENSMUSG00000037712,Fermt2,1.5870865086154697,1.4813666405935648,0.017026534211624884
ENSMUSG00000021180,Rps6ka5,1.2948610562354785,1.4803987770724232,0.017152775014300767
ENSMUSG00000034755,Pcdh11x,2.648326309363859,1.4798299171993394,0.017183246932708233
ENSMUSG00000022801,Lrch3,1.6117480032355598,1.4787992389598572,0.017264752965363683
ENSMUSG00000063077,Kif1b,6.76175754105027,1.4679451488409023,0.018381447550793625
ENSMUSG00000016534,Lamp2,1.4340791710263092,1.463923021973741,0.019095264252498065
ENSMUSG00000030432,Rpl28,1.8071837186657354,1.4586061276532885,0.019794386873011386
ENSMUSG00000063317,Usp31,1.1307162694630515,1.447265002275342,0.021316289339279506
ENSMUSG00000034265,Zdhhc14,2.8893725309731257,1.445308039167884,0.02134583541581978
ENSMUSG00000034709,Ppp1r21,1.1739401793885855,1.4444208532765863,0.0216931720546071
ENSMUSG00000057614,Gnai1,2.851982523000731,1.4414068121019674,0.021916014943613598
ENSMUSG00000022781,Pak2,1.487114643327578,1.4394119823224247,0.02231622151888472
ENSMUSG00000000374,Trappc10,1.3189921961325557,1.4317256114285999,0.023421584448156722
ENSMUSG00000055817,Mta3,1.4059703707066367,1.4302120266650413,0.02362671998146189
ENSMUSG00000028822,Tmem50a,1.423206899204549,1.4223314579306403,0.024827706253187348
ENSMUSG00000075706,Gpx4,1.8519986927603076,1.4180146658095123,0.02541323061310704
ENSMUSG00000052146,Rps10,1.6960744041945772,1.4177877294582812,0.025467906957454562
ENSMUSG00000033335,Dnm2,1.5430670666054167,1.4080630375425935,0.026882438091741827
ENSMUSG00000042682,Selenok,2.30518680357465,1.4056297205363684,0.027257897303245862
ENSMUSG00000062929,Cfl2,2.2505602671043428,1.4050393807731096,0.027286968779365813
ENSMUSG00000037747,Phyhipl,1.9437500598415025,1.3991909991062246,0.02827985548152415
ENSMUSG00000030629,Zfand6,1.098099453997771,1.3932104105504581,0.0294805135224479
ENSMUSG00000028059,Arhgef2,1.1999275608162072,1.3913161509255942,0.029769359150622832
ENSMUSG00000039601,Rcan2,3.367222136407558,1.3886215696349788,0.029980478017975504
ENSMUSG00000041966,Dcaf17,1.4133953368288144,1.3786115735310707,0.03185970872678543
ENSMUSG00000019889,Ptprk,7.005190358913094,1.3733265982546774,0.03255639395655461
ENSMUSG00000022048,Dpysl2,3.053517317745553,1.3624486282403898,0.03464591426085479
ENSMUSG00000020153,Ndufs7,1.169697341604484,1.3644587625817455,0.03466100266795218
ENSMUSG00000025362,Rps26,1.1333680430781148,1.3613448824388166,0.03538023182014806
ENSMUSG00000022452,Smdt1,1.1296555600170262,1.356253173603707,0.03630256091392831
ENSMUSG00000060938,Rpl26,1.3370242567149873,1.35512647930921,0.0364575128285057
ENSMUSG00000060126,Tpt1,2.4290246313981125,1.3536609063498928,0.036505757571969534
ENSMUSG00000031765,Mt1,2.071830725449067,1.3549753454412246,0.036584778958913176
ENSMUSG00000071866,Ppia,5.740824699250845,1.3445918980555722,0.03814690550717229
ENSMUSG00000064357,mt-Atp6,2.1248661977503356,1.348420517848204,0.03817774233019006
ENSMUSG00000027303,Ptpra,2.4621718015864054,1.3423228061486185,0.03863119928733657
ENSMUSG00000033307,Mif,1.4513156995242216,1.3427194139113587,0.038892427633081976
ENSMUSG00000020163,Uqcr11,1.1755312435576235,1.3433182053843788,0.03890446586215158
ENSMUSG00000026987,Baz2b,3.944248075045363,1.3396745771919047,0.039124851443912145
ENSMUSG00000063316,Rpl27,1.0970387445517458,1.3350692148562846,0.04071526961291211
ENSMUSG00000056856,Jakmip3,1.574092817901659,1.3273908529540421,0.0421024904707583
ENSMUSG00000022471,Xrcc6,1.7111895138004387,1.32422120130426,0.042833810906575655
ENSMUSG00000003380,Rabac1,1.817525635764483,1.3239639985353495,0.0429284122404718
ENSMUSG00000037369,Kdm6a,1.484728047074021,1.321823282756073,0.04339573251702247
ENSMUSG00000040990,Sh3kbp1,1.3826347628940785,1.318070505070612,0.044385419032693045
ENSMUSG00000043259,Fam13c,1.6584192188606763,1.316487268919415,0.04463732320636232
ENSMUSG00000060279,Ap2a1,1.0808629254998587,1.3162291703215798,0.04489799767358293
ENSMUSG00000040722,Scamp5,1.3762705062179261,1.312069375084311,0.04569888795973557
ENSMUSG00000036916,Zfp280c,1.5072681228020601,1.3109944921239367,0.045873302585908556
ENSMUSG00000064354,mt-Co2,1.9893605660205937,1.313264349598095,0.04604544613650502
ENSMUSG00000028698,Pik3r3,1.1492786847684955,1.3112890448943317,0.04614830624214753
ENSMUSG00000020267,Hint1,1.5552652252347083,1.3103010388840954,0.04617321438900257
ENSMUSG00000047675,Rps8,3.3608578797314057,1.3049749889208302,0.0472415919898122
ENSMUSG00000041417,Pik3r1,2.1755150737980475,1.3014104802129038,0.048140629937011785
ENSMUSG00000034892,Rps29,2.158013367938629,1.3001942778830768,0.04864810197774192
ENSMUSG00000054863,Tafa5,1.9079511160381462,1.2952532697048498,0.04979785486250524
ENSMUSG00000039001,Rps21,2.282381550485104,1.2949714536295456,0.04993316983295277
ENSMUSG00000025794,Rpl14,1.1699625189659904,1.2929024943507823,0.05069269295581254
ENSMUSG00000038274,Fau,2.716211713909483,1.289918905053478,0.0510680156413153
ENSMUSG00000064358,mt-Co3,2.8906984177806576,1.2919145009540245,0.051072347980618465
ENSMUSG00000022892,App,8.64690340399887,1.2873902049098314,0.05135232551818263
ENSMUSG00000003974,Grm3,6.8688891950988324,1.2875719092678242,0.051395545755168456
ENSMUSG00000028618,Tmem59,2.2195345158081006,1.2869261235614788,0.05171118780029152
ENSMUSG00000022052,Ppp2r2a,1.9111332443762223,1.2861713982782268,0.05194649689805454
ENSMUSG00000043445,Pgp,1.0103257473391711,1.2871518689439705,0.05206345987265627
ENSMUSG00000016252,Atp5e,1.1590902471442304,1.2840918767036134,0.05304701383419798
ENSMUSG00000026623,Lpgat1,2.805311307375615,1.2795652446689294,0.05361498974014156
ENSMUSG00000030126,Tmcc1,5.513037345716895,1.275378210618425,0.05467960711134904
ENSMUSG00000047037,Nipa1,1.276033463568528,1.276402597637667,0.054792186469572485
ENSMUSG00000064351,mt-Co1,3.899963455673803,1.2774641171902243,0.05509706513895185
ENSMUSG00000020671,Rab10,2.0545941969511543,1.2721277470274281,0.05576376604607781
ENSMUSG00000056222,Spock1,7.60528672800195,1.270067008866552,0.05620474456306064
ENSMUSG00000056296,Synpr,1.604323037113382,1.2741923972298088,0.05641710763463838
ENSMUSG00000001270,Ckb,8.138293224629702,1.2636145661072464,0.058097119656765395
ENSMUSG00000031342,Gpm6b,10.073557608903002,1.2512037433050134,0.06164043284321691
ENSMUSG00000054793,Cadm4,1.1540518772756096,1.2529657943385073,0.0617044938634857
ENSMUSG00000111971,Gm48678,3.0972715823940997,1.2500314854254226,0.06211898644738792
ENSMUSG00000038729,Pakap,1.4149864009978523,1.249910812379514,0.06262384734181245
ENSMUSG00000027827,Kcnab1,3.3738515704452166,1.245655642255941,0.06359057033851573
ENSMUSG00000019505,Ubb,6.7323228539230655,1.242927959251421,0.06412428495256192
ENSMUSG00000055839,Elob,1.714371642138515,1.243329470040802,0.06434855266044706
ENSMUSG00000022139,Mbnl2,6.513551530680331,1.239133740822851,0.06506174289887681
ENSMUSG00000037926,Ssh2,3.847458338095547,1.2379685275317307,0.06565881201083576
ENSMUSG00000070493,Chchd2,2.4605807374173674,1.2347827315599837,0.06697133210289796
ENSMUSG00000057863,Rpl36,1.29910389401958,1.235243563091357,0.06710737348911436
ENSMUSG00000022043,Trim35,2.653895033955492,1.233241282088627,0.06717862647442198
ENSMUSG00000059291,Rpl11,1.7080073854623627,1.2341100958460878,0.06727791266359931
ENSMUSG00000037855,Zfp365,1.0169551813768298,1.2356367331518212,0.06752145221691289
ENSMUSG00000030683,Sez6l2,2.7493588840977763,1.2316516034415543,0.06776692850307887
ENSMUSG00000025508,Rplp2,1.449459457993677,1.2320182912626438,0.06806597454147278
ENSMUSG00000049517,Rps23,1.3582384456354948,1.2322674841561598,0.06806597454147278
ENSMUSG00000098274,Rpl24,1.9249224671745522,1.23125114013783,0.06818328083601638
ENSMUSG00000024759,Atl3,1.0270319211140708,1.2307287192306957,0.06850309662339424
ENSMUSG00000056201,Cfl1,2.093575269092587,1.224982099369541,0.07011780392351297
ENSMUSG00000034761,Map4k5,1.764490163463214,1.2229799164293356,0.07065179816254225
ENSMUSG00000009418,Nav1,1.7451322160732508,1.222182054398529,0.07102197389639506
ENSMUSG00000028081,Rps3a1,1.6183774372732183,1.2219678084202337,0.0712916730730375
ENSMUSG00000029621,Arpc1a,1.5282171343610613,1.2185089777852807,0.07224113636405707
ENSMUSG00000054737,Zfp182,1.2924744599819213,1.216034744293845,0.07318914544685384
ENSMUSG00000066571,4931406P16Rik,1.2394389876806526,1.2151118147051028,0.07369775778927494
ENSMUSG00000003970,Rpl8,1.7607776804021251,1.2125834379662022,0.07448966402900944
ENSMUSG00000021010,Npas3,4.601887931581096,1.2066430557289112,0.07693746245088245
ENSMUSG00000049775,Tmsb4x,4.46744300929738,1.2043881967758434,0.07727542529683723
ENSMUSG00000098178,Gm42418,44.12100493951006,1.2031666575490894,0.0774885602131211
ENSMUSG00000057841,Rpl32,1.1251475448714183,1.2054121473020152,0.077546791947938
ENSMUSG00000040003,Magi2,35.6963201644535,1.2014274766739912,0.07794420913587602
ENSMUSG00000031320,Rps4x,1.1201091750027976,1.203774353789366,0.07810266554844124
ENSMUSG00000031818,Cox4i1,3.7275981706946797,1.198516260727399,0.0793572963790999
ENSMUSG00000057322,Rpl38,2.3287875887487144,1.196990438711773,0.08014422465770418
ENSMUSG00000027993,Trim2,4.275984954289799,1.1947461524700267,0.0805933323134336
ENSMUSG00000035530,Eif1,3.6003130371716345,1.193800772320691,0.0809689231923581
ENSMUSG00000040731,Eif4h,1.064156751724959,1.1947528891946406,0.08123976423845593
ENSMUSG00000059796,Eif4a1,1.054875544072237,1.1940639384501133,0.081529525689309
ENSMUSG00000030647,Ndufc2,1.2709950936999075,1.1926035121310785,0.08216778148644446
ENSMUSG00000061518,Cox5b,1.600345376690787,1.1901684994016577,0.08298879997109743
ENSMUSG00000037685,Atp8a1,5.604523535436583,1.187824330709721,0.08315829097895003
ENSMUSG00000037563,Rps16,1.1323073336320895,1.1881242866533277,0.08400998305408505
ENSMUSG00000058600,Rpl30,1.4226765444815364,1.1864084400151111,0.08443102665002647
ENSMUSG00000034566,Atp5h,1.9249224671745522,1.1839833877048318,0.08509603740377453
ENSMUSG00000025290,Rps24,1.667435249151892,1.1822654177009022,0.08592416197684435
ENSMUSG00000017404,Rpl19,2.207866711901821,1.1779746395785524,0.08712468650026813
ENSMUSG00000097589,Dleu2,3.0834823595957697,1.177117161618093,0.08718838769149596
ENSMUSG00000038453,Srcin1,2.0347058948381784,1.1729348522944485,0.08897510823769414
ENSMUSG00000019873,Reep3,1.0254408569450328,1.1652319023819,0.0925139071577331
ENSMUSG00000071669,Snx29,1.380778521363534,1.1644228894753974,0.09271981148064946
ENSMUSG00000036751,Cox6b1,1.5709106895635827,1.1585677600208992,0.09532784593985165
ENSMUSG00000037111,Setd7,1.2532282104789825,1.1561384360622498,0.0961898802639321
ENSMUSG00000021270,Hsp90aa1,3.8845831687064356,1.1547153923428812,0.09642793432175505
ENSMUSG00000037062,Sh3glb1,1.4460121522940947,1.1543642930101299,0.09689461498938723
ENSMUSG00000023026,Dip2b,5.119779318602986,1.1514227568077784,0.09760404400075633
ENSMUSG00000062006,Rpl34,1.169697341604484,1.1523959475507637,0.09824960301360916
ENSMUSG00000040651,Tasor,1.2707299163384012,1.1513616838445386,0.09824960301360916
ENSMUSG00000059534,Uqcr10,1.0373738382128184,1.149913418876784,0.09950014400505183
ENSMUSG00000066551,Hmgb1,2.6040416899922993,1.1468652623234274,0.1000251541209038
ENSMUSG00000062683,Atp5g2,1.208148059022904,1.1470327032248464,0.1004678864717069
ENSMUSG00000071415,Rpl23,1.6592147509451953,1.1438090618191485,0.10174325812930694
ENSMUSG00000030213,Atf7ip,1.4582103109233864,1.1428772796113291,0.10189886501898554
ENSMUSG00000015932,Dstn,1.378391925109977,1.1406578674870378,0.10291405196617609
ENSMUSG00000035242,Oaz1,1.9458714787335534,1.136866700717942,0.10458937099781976
ENSMUSG00000030020,Prickle2,7.799396556624594,1.1347028738477536,0.10495835439654522
ENSMUSG00000060636,Rpl35a,1.4327532842187773,1.134850092472239,0.10583745543418469
ENSMUSG00000052298,Cdc42se2,1.7610428577636315,1.127776001210618,0.10860767868144039
ENSMUSG00000036199,Ndufa13,1.6372050299401688,1.126925362268965,0.10928598541424761
ENSMUSG00000041697,Cox6a1,1.099690518166809,1.1271396909317655,0.10963256078886781
ENSMUSG00000003429,Rps11,1.1378760582237228,1.1266952535588823,0.10980592410683233
ENSMUSG00000023977,Ubr2,1.7557393105335046,1.1236782588773548,0.11043328082018128
ENSMUSG00000014769,Psmb1,1.1283296732094943,1.1225449561979175,0.11152306076046625
ENSMUSG00000025959,Klf7,1.508859186971098,1.1215938144584383,0.11163272842630054
ENSMUSG00000064370,mt-Cytb,1.7263046234063004,1.1217329572290844,0.11309583554836079
ENSMUSG00000061477,Rps7,1.3314555321233539,1.1188545562443206,0.11322862822144267
ENSMUSG00000105361,AY036118,5.029088660967817,1.1139931692250233,0.11504393994759059
ENSMUSG00000091337,Eid1,1.7408893782891492,1.114442564817193,0.11510323650431421
ENSMUSG00000014313,Cox6c,2.472513718685153,1.1144651002370045,0.11510323650431421
ENSMUSG00000041841,Rpl37,1.8819637346105245,1.1117055748720608,0.11653330894071702
ENSMUSG00000012405,Rpl15,1.3635419928656216,1.1117703469433302,0.11654199119206858
ENSMUSG00000102758,Naaladl2,4.44781988454591,1.107414280026656,0.11797240481222537
ENSMUSG00000060036,Rpl3,1.5714410442865954,1.108330481794312,0.11818882071142611
ENSMUSG00000020349,Ppp2ca,1.440178250340955,1.1065937667220402,0.11893433778768792
ENSMUSG00000074884,Serf2,1.5157537983702631,1.103930762178376,0.12047878181948501
ENSMUSG00000027254,Map1a,1.1423840733693307,1.103168834802716,0.12212363676120608
ENSMUSG00000055421,Pcdh9,62.857906948825324,1.0967579086496295,0.12323040217860554
ENSMUSG00000063457,Rps15,1.2818673655216677,1.0985172506814775,0.12341206688387978
ENSMUSG00000029207,Apbb2,3.2505440973447666,1.0956054851508352,0.12408076123825965
ENSMUSG00000067288,Rps28,1.1275341411249753,1.0969241247631445,0.12436462400034178
ENSMUSG00000025204,Ndufb8,1.0970387445517458,1.092894922480504,0.1264288713482461
ENSMUSG00000032036,Kirrel3,7.474554288779323,1.0894715297114679,0.1275364374718764
ENSMUSG00000032330,Cox7a2,1.5499616780045815,1.0887455152902066,0.12841754364167826
ENSMUSG00000093989,Rnasek,1.6870583739033616,1.087584829181143,0.12881503895404647
ENSMUSG00000028234,Rps20,1.0583228497718196,1.0882668686405976,0.12903984771576826
ENSMUSG00000000740,Rpl13,2.4250469709755174,1.0869030156377317,0.1290891890227915
ENSMUSG00000037072,Selenof,1.176591953003649,1.0872256366562523,0.129207158382769
ENSMUSG00000026626,Ppp2r5a,1.0180158908228552,1.0846705737107751,0.1304785223124593
ENSMUSG00000039753,Fbxl5,2.0593673894582687,1.0822596553142412,0.13122107933002386
ENSMUSG00000074415,Mir100hg,5.978953969883541,1.080290925925183,0.13199502937074048
ENSMUSG00000062209,Erbb4,10.128979677457828,1.0831655033455552,0.13203793377754652
ENSMUSG00000046364,Rpl27a,2.0906583181160174,1.0805442807746743,0.13233104285051225
ENSMUSG00000044533,Rps2,1.5306037306146185,1.0754049271613075,0.1353047005618484
ENSMUSG00000037234,Hook3,1.9397723994189073,1.0742907624842541,0.13534580219876285
ENSMUSG00000039782,Cpeb2,1.028622985283109,1.071215522819492,0.13777275618851634
ENSMUSG00000058756,Thra,2.6403709885186686,1.0684951819923822,0.1387079584760561
ENSMUSG00000022105,Rb1,1.5547348705116957,1.0663000774867124,0.1400218416370059
ENSMUSG00000022956,Atp5o,1.1800392587032316,1.067121584390942,0.1401541478301894
ENSMUSG00000046330,Rpl37a,1.5971632483527107,1.0610939499402054,0.14325849590959916
ENSMUSG00000029614,Rpl6,2.819365707535451,1.0600156411427248,0.14344281122740532
ENSMUSG00000029632,Ndufa4,2.2219211120616578,1.0560779133245335,0.14581549379304728
ENSMUSG00000022354,Ndufb9,1.4083569669601939,1.0510858472400342,0.1490381657226411
ENSMUSG00000027566,Psma7,1.1447706696228876,1.049520757784934,0.14995359908203143
ENSMUSG00000064363,mt-Nd4,1.3295992905928096,1.0520660262761452,0.1506859954517833
ENSMUSG00000041453,Rpl21,1.8329059227318507,1.0455613408370747,0.15176017450531515
ENSMUSG00000064341,mt-Nd1,1.1620071981208,1.0439138153038603,0.15439778484940173
ENSMUSG00000023944,Hsp90ab1,6.884534659427707,1.038130797743104,0.15536414541042237
ENSMUSG00000061315,Naca,1.2643656596622488,1.0360058258384341,0.15770069332712022
ENSMUSG00000021477,Ctsl,1.080332570776846,1.034075182776816,0.15893403947961032
ENSMUSG00000038116,Phf20,1.0408211439124009,1.032454236916186,0.15977554448590311
ENSMUSG00000056413,Adap1,1.3147493583484542,1.0318798618148584,0.15989228244032547
ENSMUSG00000024603,Dctn4,1.6730039737435252,1.0292973435686952,0.16122138889422602
ENSMUSG00000055943,Emc7,1.293004814704934,1.0289502485987099,0.16180585748813045
ENSMUSG00000004151,Etv1,1.0363131287667928,1.0295267237705905,0.16218000637500432
ENSMUSG00000031708,Tecr,4.033347668511494,1.0268233081971276,0.16230029839126672
ENSMUSG00000044894,Uqcrq,1.3142190036254415,1.0282859606650658,0.16230029839126672
ENSMUSG00000024608,Rps14,1.5616294819108607,1.027829306147332,0.16237380438861426
ENSMUSG00000084786,Ubl5,1.0392300797433627,1.0277662853944696,0.16283648128641245
ENSMUSG00000020777,Acox1,1.208148059022904,1.024656253446455,0.16421650616638914
ENSMUSG00000028648,Ndufs5,1.4560888920313357,1.0241064611130541,0.1646035793514573
ENSMUSG00000057666,Gapdh,4.701329442145975,1.0225121648781017,0.164956817102988
ENSMUSG00000031393,Mecp2,1.18666869274089,1.0208877908946312,0.16630457954766215
ENSMUSG00000090841,Myl6,1.631371127987029,1.0112223501555353,0.1722275817720945
ENSMUSG00000042046,Dstyk,1.0339265325132359,1.0099122828720777,0.17315153681318765
ENSMUSG00000050856,Atp5k,1.2314836668354623,1.0105257626447715,0.17315153681318765
ENSMUSG00000004360,9330159F19Rik,1.8212381188255715,1.004492702876409,0.1763956534286006
ENSMUSG00000047215,Rpl9,1.6501987206539797,1.0048040789059332,0.17665373890895733
ENSMUSG00000021546,Hnrnpk,1.205761462769347,0.9910661506973005,0.1857849232912477
ENSMUSG00000033697,Arhgap39,1.7941900279519245,0.990393615255477,0.18580614266276843
ENSMUSG00000027011,Ube2e3,1.031009581536666,0.9891633170868512,0.18736651888763795
ENSMUSG00000030016,Zfp638,3.0309772420175136,0.987457950911909,0.18758277462962641
ENSMUSG00000016559,H3f3b,2.6191567995981613,0.9847043124178394,0.18972835091073006
ENSMUSG00000008140,Emc10,1.3635419928656216,0.9832111851750891,0.19105370942403246
ENSMUSG00000060843,Ctnna3,8.495752307940254,0.9818665573349183,0.1912628589341312
ENSMUSG00000004071,Cdip1,1.215838202506588,0.978901732423878,0.19396679594192834
ENSMUSG00000027525,Phactr3,2.447056691980544,0.9749955924620388,0.1961824673105341
ENSMUSG00000031633,Slc25a4,3.432455767338119,0.9678395261391322,0.2013689505683024
ENSMUSG00000027706,Sec62,3.6398244640360797,0.9672397905997967,0.20161267415559156
ENSMUSG00000090733,Rps27,1.2256497648823226,0.9679745418124319,0.20203501788594244
ENSMUSG00000025862,Stag2,1.0461246911425277,0.9653616709492213,0.2037233830211094
ENSMUSG00000024044,Epb41l3,2.928618780476065,0.9612015746644187,0.20553469711666872
ENSMUSG00000039913,Pak7,6.880026644282099,0.9604996739530831,0.20574434899715383
ENSMUSG00000074748,Atxn7l3b,1.6353487884096243,0.9605201452308533,0.20645898763578865
ENSMUSG00000022012,Enox1,4.157450673696464,0.9597112744381484,0.2064724795370441
ENSMUSG00000063882,Uqcrh,1.15113492629904,0.9598599076605845,0.2074478339351928
ENSMUSG00000030738,Eif3c,1.4041141291760924,0.9588664589364568,0.20764233213051472
ENSMUSG00000035227,Spcs2,1.125677899594431,0.9587762132206715,0.20775338485333736
ENSMUSG00000054808,Actn4,1.470143292191172,0.9579738948056495,0.20792481190137246
ENSMUSG00000032966,Fkbp1a,1.850937983314282,0.9571257467974039,0.20849654887502733
ENSMUSG00000035770,Dync1li2,1.5955721841836727,0.9567805434788934,0.208702966467713
ENSMUSG00000022748,Cmss1,6.372742351720462,0.9438997525413901,0.2176968957860982
ENSMUSG00000090862,Rps13,1.2609183539626665,0.9435690395647297,0.21880519167763887
ENSMUSG00000006057,Atp5g1,1.4449514428480692,0.9427779192097447,0.21939988280961903
ENSMUSG00000021771,Vdac2,1.065747815893997,0.9428683422964271,0.21942919364211064
ENSMUSG00000005610,Eif4g2,1.1742053567500919,0.9401174003964858,0.22125105226313738
ENSMUSG00000038267,Slc22a23,1.4343443483878155,0.9381465633717183,0.22240519306356835
ENSMUSG00000030002,Dusp11,1.3614205739735707,0.9381133209133785,0.22242782897973212
ENSMUSG00000052812,Atad2b,1.2479246632488556,0.9372140852776729,0.22309919275463053
ENSMUSG00000093674,Rpl41,2.4870984735680017,0.9258492333095041,0.23160367950852728
ENSMUSG00000007892,Rplp1,2.5223670626483456,0.9221501043415415,0.23475589427271235
ENSMUSG00000054452,Tle5,1.2951262335969849,0.9219222560984474,0.23520849130819815
ENSMUSG00000022890,Atp5j,1.492418190557705,0.9175514431264851,0.2384646523618982
ENSMUSG00000004980,Hnrnpa2b1,3.6912688721683105,0.9128724854709224,0.24115041197084622
ENSMUSG00000000631,Myo18a,2.011900641748633,0.9114998942644429,0.2423386974265033
ENSMUSG00000003072,Atp5d,1.180304436064738,0.9122042177854894,0.2425811460657945
ENSMUSG00000062825,Actg1,2.0784601594867254,0.9115685380925035,0.2425811460657945
ENSMUSG00000034120,Srsf2,1.5112457832246553,0.9104010018495831,0.24341775838471427
ENSMUSG00000023089,Ndufa5,1.0485112873960847,0.9076819082057943,0.24672193611622698
ENSMUSG00000058558,Rpl5,1.0344568872362485,0.8949440061252276,0.2571825869535534
ENSMUSG00000038717,Atp5l,1.3579732682739885,0.8928281138935179,0.2586816311058186
ENSMUSG00000000563,Atp5f1,1.4112739179367635,0.8903492403030986,0.2605215462855127
ENSMUSG00000033863,Klf9,1.6817548266732345,0.8897875245809137,0.26077493137560165
ENSMUSG00000038690,Atp5j2,1.354525962574406,0.8896016172519097,0.2613266736870799
ENSMUSG00000039219,Arid4b,2.3399250379319807,0.8880273303113773,0.26181790241704456
ENSMUSG00000028550,Atg4c,1.1145404504111645,0.8855333140725283,0.2645635845971646
ENSMUSG00000019947,Arid5b,2.145019677224818,0.8830199945585773,0.26599794297759566
ENSMUSG00000021431,Snrnp48,1.0946521482981886,0.883516549797432,0.26600268628563684
ENSMUSG00000028837,Psmb2,1.1402626544772798,0.8824290455143373,0.2669155209559462
ENSMUSG00000050310,Rictor,1.0259712116680455,0.880444394772493,0.2686858108835665
ENSMUSG00000020385,Clk4,1.6854673097343233,0.8783246205064619,0.26982588312318745
ENSMUSG00000043531,Sorcs1,4.6546582265208585,0.8773920582357944,0.2703806768375259
ENSMUSG00000027763,Mbnl1,1.578866010408773,0.8781182311935601,0.2704295159383121
ENSMUSG00000001911,Nfix,1.733729589528478,0.877557737970749,0.2705204363449742
ENSMUSG00000070639,Lrrc8b,1.5854954444464318,0.874041456608596,0.27331931057002623
ENSMUSG00000062328,Rpl17,1.2511067915869316,0.8744921182957419,0.27353794665822356
ENSMUSG00000062270,Morf4l1,2.502743937896876,0.8695065569110592,0.27692878126007814
ENSMUSG00000055065,Ddx17,2.271244101301838,0.869256249322494,0.2770495335923586
ENSMUSG00000021188,Trip11,1.0235846154144883,0.8669617337587385,0.27972962396301165
ENSMUSG00000037999,Arap2,2.2253684177612403,0.8656538050469749,0.28023393714337524
ENSMUSG00000042670,Immp1l,1.3221743244706319,0.8637321228575802,0.28229859811963254
ENSMUSG00000004207,Psap,1.807714073388748,0.8618329337198134,0.28383022066193886
ENSMUSG00000069601,Ank3,14.987824472338572,0.8559798802180212,0.288049773815688
ENSMUSG00000021939,Ctsb,1.1818955002337759,0.8553595781175862,0.28946087310653945
ENSMUSG00000031532,Saraf,1.1665152132664078,0.8518160810866534,0.29224159482638223
ENSMUSG00000025393,Atp5b,1.6578888641376637,0.8494226553380677,0.29430824749541995
ENSMUSG00000023912,Slc25a27,1.840861243577041,0.846791273643275,0.29647593480177764
ENSMUSG00000002102,Psmc3,1.046389868504034,0.8408679060901373,0.302290995475214
ENSMUSG00000021916,Glt8d1,1.1720839378580412,0.8306473311489452,0.311108724565324
ENSMUSG00000056004,9330182L06Rik,1.0052873774705506,0.8303882126287332,0.31165001927576547
ENSMUSG00000022629,Kif21a,4.815886062316716,0.8289234463340847,0.3118993630386345
ENSMUSG00000064345,mt-Nd2,1.0127123435927283,0.8273426709594878,0.3160361567975211
ENSMUSG00000053332,Gas5,1.0959780351057204,0.8211564119499508,0.3201127847376834
ENSMUSG00000020719,Ddx5,5.314949856671656,0.8196300014846285,0.32013526773485845
ENSMUSG00000098912,1500004A13Rik,2.4112577481771873,0.8147759270915984,0.3249174406235544
ENSMUSG00000027679,Dnajc19,1.0164248266538172,0.809474527832727,0.3306794660789984
ENSMUSG00000085363,Gm15478,1.398545404584459,0.8086507611163317,0.3310623675268805
ENSMUSG00000031996,Aplp2,2.3317045397252842,0.806973436061789,0.3321320388295311
ENSMUSG00000039068,Zzz3,1.0288881626446154,0.8076741784793485,0.33214296727898923
ENSMUSG00000112308,Gm48512,1.08802271426053,0.8074758544076395,0.33225476052068353
ENSMUSG00000038831,Ralgps1,2.3545097928148295,0.8063735679307518,0.33265884981537364
ENSMUSG00000041020,Map7d2,2.1646428019762873,0.8062131505497081,0.3329205128774303
ENSMUSG00000020849,Ywhae,2.2895413392457753,0.8029321767120209,0.3354116616635703
ENSMUSG00000062380,Tubb3,1.7573303747025426,0.8015171377458884,0.33654976452004426
ENSMUSG00000035885,Cox8a,3.220313878133043,0.7986924344109898,0.33927110015498485
ENSMUSG00000037058,Paip2,2.202297987310188,0.7983008637068856,0.33939679997049016
ENSMUSG00000035133,Arhgap5,2.143693790417286,0.7966745268941925,0.3409128839647276
ENSMUSG00000017778,Cox7c,2.5117599681880916,0.7967096818218314,0.3409128839647276
ENSMUSG00000071528,Atp5md,1.4963958509803,0.7970796899432899,0.34111260283711375
ENSMUSG00000020376,Rnf130,1.8904494101787275,0.7950108045543428,0.342111499026404
ENSMUSG00000029095,Ablim2,1.9174975010523745,0.7915838713677813,0.34516587568609114
ENSMUSG00000015882,Lcorl,1.7292215743828703,0.7900593761138838,0.34688541050222377
ENSMUSG00000046314,Stxbp6,2.185326636173782,0.7887735811193963,0.3479807283133147
ENSMUSG00000019806,Aig1,2.582827501071792,0.788401303253249,0.3479807833037048
ENSMUSG00000026234,Ncl,1.306794037503264,0.7890034757455422,0.3480574474008642
ENSMUSG00000028797,Tmem234,1.1376108808622163,0.7837515499132117,0.3533762108798637
ENSMUSG00000041058,Wwp1,1.2378479235116144,0.7824484361804676,0.3541960992262294
ENSMUSG00000029328,Hnrnpdl,2.4568682543562783,0.7818122666305222,0.3541960992262294
ENSMUSG00000079037,Prnp,1.7053556118472992,0.7707690065329432,0.3657286762666021
ENSMUSG00000074656,Eif2s2,1.3940373894388511,0.770749069840334,0.36601710643308905
ENSMUSG00000029053,Prkcz,1.5099198964171237,0.7673386501540097,0.36892931014308966
ENSMUSG00000015656,Hspa8,4.308336592393573,0.7606410705887525,0.3752282843838593
ENSMUSG00000026131,Dst,5.590469135276748,0.7575146200181235,0.3779535515850742
ENSMUSG00000025781,Atp5c1,1.356912558827963,0.7552727757007716,0.3808156238740478
ENSMUSG00000037486,Asxl2,1.031009581536666,0.7513149053051198,0.3845002552066581
ENSMUSG00000040209,Zfp704,1.347631351175241,0.745688444952951,0.38980450665826877
ENSMUSG00000060923,Acyp2,1.1853428059333584,0.744575673820955,0.3910324759456984
ENSMUSG00000022961,Son,6.625191199874502,0.7411236749210366,0.3932716324379728
ENSMUSG00000020745,Pafah1b1,4.963589852675749,0.740384341140027,0.3940934335671064
ENSMUSG00000031950,Gabarapl2,1.0501023515651229,0.7369933654888486,0.39890688770547184
ENSMUSG00000057522,Spop,1.4149864009978523,0.7364222135145582,0.3990183494820939
ENSMUSG00000024853,Sf3b2,1.0551407214337434,0.7304373725417823,0.4056702948364084
ENSMUSG00000036299,BC031181,1.0975690992747584,0.7280365605070835,0.40807642534212896
ENSMUSG00000054640,Slc8a1,6.9009756558411,0.7235634865645482,0.41122297236607297
ENSMUSG00000030695,Aldoa,3.2311861499548034,0.7234292821704333,0.41152865522347143
ENSMUSG00000032959,Pebp1,1.7878257712757721,0.7193136720121444,0.4165105310266445
ENSMUSG00000027248,Pdia3,1.0800673934153397,0.7186159674588666,0.4177844558900587
ENSMUSG00000042807,Hecw2,6.079986544617459,0.7166466387992667,0.41871990170993045
ENSMUSG00000031760,Mt3,1.9068904065921208,0.71358882920006,0.4232110958424555
ENSMUSG00000027312,Atrn,1.702173483509223,0.7074794056261927,0.4293197664517277
ENSMUSG00000009013,Dynll1,1.6475469470389161,0.7055842545648348,0.43159225970192594
ENSMUSG00000042331,Specc1,2.2426049462591524,0.6980243477113786,0.43932870489805204
ENSMUSG00000006740,Kif5b,1.2237935233517783,0.6987005224211702,0.43937252547981404
ENSMUSG00000033917,Gde1,1.4690825827451466,0.6980563176395775,0.4396004125544585
ENSMUSG00000000088,Cox5a,1.6783075209736522,0.6884811540989784,0.44953499792660534
ENSMUSG00000026434,Nucks1,1.0607094460253765,0.6886573291620807,0.44978460326322045
ENSMUSG00000025016,Tm9sf3,1.2314836668354623,0.6867670054048554,0.4512842514874257
ENSMUSG00000040407,Akap9,1.6244765165878643,0.6851980263891067,0.4524333899114154
ENSMUSG00000074024,4632427E13Rik,1.2823977202446804,0.6827584854636077,0.45492086751459143
ENSMUSG00000048249,Crebrf,1.1293903826555198,0.6824322422101914,0.455384550058245
ENSMUSG00000112437,Gm35188,2.628438007250883,0.6819243933399748,0.4555488258388729
ENSMUSG00000026353,Ubxn4,1.0349872419592612,0.6820364161077627,0.45595595783007703
ENSMUSG00000037266,Rsrp1,4.5130535154764715,0.6787745580606803,0.4583345510755293
ENSMUSG00000029836,Cbx3,1.1898508210789662,0.6783781699944772,0.45927180445164356
ENSMUSG00000038696,Mapkap1,1.1667803906279142,0.6753402916127889,0.46169031374951036
ENSMUSG00000037894,H2afz,1.0373738382128184,0.6735895259138307,0.4640591351592765
ENSMUSG00000001441,Npepps,1.5706455122020764,0.6695915634721523,0.46699204171329173
ENSMUSG00000027981,Rnpc3,1.665844184982854,0.6692502820037083,0.4671537038588319
ENSMUSG00000059439,Bcas3,2.2219211120616578,0.6683652031992271,0.4679572977281042
ENSMUSG00000023861,Mpc1,1.368580362734242,0.6668198128063149,0.4699447878084426
ENSMUSG00000047187,Rab2a,2.2903368713302945,0.6559455516831529,0.48057967801226453
ENSMUSG00000019179,Mdh2,1.110297612627063,0.6552615490151212,0.4819283511458802
ENSMUSG00000024240,Epc1,1.504881526548503,0.6531553530200156,0.4837973534313695
ENSMUSG00000022064,Pibf1,1.135754639331672,0.6514865207027406,0.4861464454032004
ENSMUSG00000091896,Ube2d2a,1.0715817178471367,0.6491963780897718,0.4887444513309667
ENSMUSG00000020048,Hsp90b1,1.2903530410898707,0.6380142303176111,0.5010336852585685
ENSMUSG00000049422,Chchd10,1.3669892985652041,0.633856358868875,0.5065686999362438
ENSMUSG00000032294,Pkm,1.3651330570346596,0.631788390502086,0.5087952975823686
ENSMUSG00000022141,Nipbl,1.7639598087402013,0.6310047552465676,0.5092651577240834
ENSMUSG00000040022,Rab11fip2,1.7170234157535784,0.6303918822765945,0.5099357779987882
ENSMUSG00000030654,Arl6ip1,2.267531618240749,0.6284334395468057,0.5116936724867439
ENSMUSG00000005625,Psmd4,1.111888676796101,0.6281968134662452,0.5124194336682654
ENSMUSG00000027447,Cst3,4.713527600775267,0.624613388759939,0.516958263555064
ENSMUSG00000047454,Gphn,5.353135396728569,0.6170725628934832,0.5231062013833279
ENSMUSG00000024096,Ralbp1,1.0249105022220202,0.6178089195482304,0.5234352345748886
ENSMUSG00000015165,Hnrnpl,1.2831932523291993,0.612310085363102,0.5295501368581113
ENSMUSG00000021285,Ppp1r13b,1.3189921961325557,0.6102533969347521,0.5319561866005682
ENSMUSG00000090223,Pcp4,1.774566903200455,0.6072060706469447,0.5349989536986544
ENSMUSG00000029422,Rsrc2,1.4407086050639677,0.6049349080285006,0.5370006546387365
ENSMUSG00000020368,Canx,1.2224676365442466,0.6040906388711272,0.5384016415414462
ENSMUSG00000027030,Stk39,1.6491380112079543,0.600270225020365,0.541952965547078
ENSMUSG00000054693,Adam10,1.0341917098747422,0.5964537917150892,0.5469523631007965
ENSMUSG00000026878,Rab14,1.5138975568397188,0.5957283846137182,0.5474588222360558
ENSMUSG00000027167,Elp4,1.0416166759969199,0.5959063495962124,0.5475214336337658
ENSMUSG00000031231,Cox7b,1.4807503866514258,0.5903690443497963,0.5535275439063826
ENSMUSG00000053333,Dis3l2,1.6698218454054492,0.5881380347114227,0.5558271721247904
ENSMUSG00000006699,Cdc42,1.8379442926004712,0.585427690693459,0.5588000591403832
ENSMUSG00000027200,Sema6d,2.081907465186308,0.5815431682824478,0.5629748896188711
ENSMUSG00000027680,Fxr1,1.5767445915167222,0.5812026680449858,0.5632134707249
ENSMUSG00000052139,Babam2,1.3839606497016101,0.5788472377140372,0.5659629636531702
ENSMUSG00000059005,Hnrnpa3,1.176591953003649,0.5782564240226336,0.566825218490399
ENSMUSG00000068747,Sort1,1.6846717776498044,0.5686951669674318,0.5774392631259583
ENSMUSG00000031007,Atp6ap2,1.3086502790338084,0.5686858478884144,0.5777736591980698
ENSMUSG00000034544,Rsrc1,1.6006105540522932,0.5683741008702967,0.5778147350694564
ENSMUSG00000035992,Fnip1,1.0034311359400063,0.5686835081801002,0.5778351331236335
ENSMUSG00000038056,Kmt2c,1.631901482710042,0.5668251624688885,0.5795968373703563
ENSMUSG00000031715,Smarca5,1.0851057632839602,0.5671566473149732,0.5795968373703563
ENSMUSG00000024091,Vapa,1.339941207691557,0.5622774472409104,0.5853558611690772
ENSMUSG00000034152,Exoc3,1.0654826385324907,0.5584440226251125,0.5896699258554295
ENSMUSG00000018395,Kif3a,1.0752942009082256,0.5520346833816222,0.5970685745507306
ENSMUSG00000054387,Mdm4,1.2542889199250078,0.5456135672504467,0.6043017442746716
ENSMUSG00000035933,Cog5,1.3402063850530632,0.543717980287979,0.6060842390399245
ENSMUSG00000078622,Ccdc47,1.0108561020621838,0.5435834281498961,0.6064232444990038
ENSMUSG00000028478,Clta,1.1293903826555198,0.5426339070001724,0.606857979020346
ENSMUSG00000033510,Otud7a,5.134364073485836,0.5345365105275941,0.6144678069752433
ENSMUSG00000049252,Lrp1b,20.44305315324708,0.5338316321036722,0.6152611249184594
ENSMUSG00000019210,Atp6v1e1,1.396954340415421,0.534606319839492,0.6152905161128855
ENSMUSG00000032883,Acsl3,1.4263890275426252,0.5346641403336679,0.6157048464825422
ENSMUSG00000071037,Camkmt,1.1529911678295843,0.5313836302455759,0.6186412287200423
ENSMUSG00000022389,Tef,1.144240314899875,0.5305429153256673,0.6198506991062793
ENSMUSG00000079659,Tmem243,1.2089435911074229,0.5289402549205822,0.6217314653160876
ENSMUSG00000094958,3110021N24Rik,1.6825503587577537,0.5284847895668202,0.6219789795213859
ENSMUSG00000029068,Ccnl2,1.0267667437525645,0.5261793941348916,0.6251008943651698
ENSMUSG00000036591,Arhgap21,1.8405960662155347,0.5249979646601131,0.626095308535428
ENSMUSG00000022265,Ank,1.598754312521749,0.5232058099344625,0.6282787345476628
ENSMUSG00000020949,Fkbp3,1.1309814468245578,0.5231172599318734,0.6290610923294959
ENSMUSG00000019432,Ddx39b,1.0182810681843615,0.5217832769597522,0.6302197931562453
ENSMUSG00000040549,Ckap5,1.292209282620415,0.521127690898934,0.6304416987483547
ENSMUSG00000027309,4930402H24Rik,3.0540476724685655,0.5171754420742616,0.6339891974898731
ENSMUSG00000029131,Dnajb6,1.360094687166039,0.5133780200311171,0.6388217939895043
ENSMUSG00000015837,Sqstm1,1.1455662017074066,0.5120104625129461,0.6402892524949648
ENSMUSG00000029686,Cul1,1.18666869274089,0.5096723302088664,0.6433244999890506
ENSMUSG00000000538,Tom1l2,1.7971069789284944,0.5075235938871827,0.6454841322547006
ENSMUSG00000032324,Tspan3,1.3513438342363298,0.5076945519989676,0.6455715572333791
ENSMUSG00000044252,Osbpl1a,3.772678322150758,0.5038843720150219,0.6490278501669449
ENSMUSG00000028020,Glrb,1.5340510363142008,0.5039059676257264,0.6494123774682624
ENSMUSG00000035566,Pcdh17,1.22511941015931,0.5029653289118222,0.6509040913712163
ENSMUSG00000003410,Elavl3,1.8567718852674218,0.5013996453983909,0.6522449969127482
ENSMUSG00000074698,Csnk2a1,1.3227046791936445,0.4986121732750834,0.6555788255331138
ENSMUSG00000053510,Nrd1,1.5613643045493544,0.4983968968152135,0.6556747588921026
ENSMUSG00000052707,Tnrc6a,2.0917190275620428,0.4946570970072387,0.6595134973927923
ENSMUSG00000033632,AW554918,1.0450639816965024,0.492037679275715,0.6637512316017752
ENSMUSG00000035851,Ythdc1,1.3752097967719008,0.49158670985503383,0.6640134276685643
ENSMUSG00000111375,Btbd8,1.0920003746831253,0.4861512722190724,0.6709372248069473
ENSMUSG00000026034,Clk1,1.6817548266732345,0.4788383845309345,0.6784509826029596
ENSMUSG00000024304,Cdh2,2.4367147748817963,0.4784452861287266,0.6787313296057572
ENSMUSG00000042675,Ypel3,1.3229698565551509,0.4784067554646512,0.6793639303364615
ENSMUSG00000027522,Stx16,1.12647343167895,0.47706129813104836,0.681024728543367
ENSMUSG00000041571,Selenow,2.158013367938629,0.47423587243877086,0.6847238364168761
ENSMUSG00000019877,Serinc1,1.3781267477484704,0.4739701587313421,0.6853500472308162
ENSMUSG00000027602,Map1lc3a,1.1646589717358635,0.47255810534401976,0.6872625918390307
ENSMUSG00000024002,Brd4,1.128064495847988,0.4722404445004852,0.6873366691817997
ENSMUSG00000021134,Srsf5,1.4165774651668905,0.46248785350633453,0.6981431982530504
ENSMUSG00000042846,Lrrtm3,3.224026361194132,0.4587281010149422,0.7019648024464535
ENSMUSG00000040481,Bptf,1.21133018736098,0.45891190526803555,0.7022033455793429
ENSMUSG00000022311,Csmd3,8.401083989882489,0.4553809032079821,0.7042567231405532
ENSMUSG00000057716,Tmem178b,5.2245243763979925,0.45404019441032095,0.7056058707590832
ENSMUSG00000055932,Fto,1.6809592945887155,0.4528789706101593,0.7072926642549452
ENSMUSG00000025428,Atp5a1,1.4277149143501568,0.4526448532733636,0.7077719932705356
ENSMUSG00000025609,Mkln1,1.2641004823007425,0.4511326298718898,0.7095497715557708
ENSMUSG00000032328,Tmem30a,1.1686366321584587,0.44950327745062824,0.7114894200977789
ENSMUSG00000024283,Wac,1.2200810402906894,0.4483989532237865,0.7125051969654792
ENSMUSG00000033813,Tcea1,1.0182810681843615,0.44788998966733606,0.7134621757958198
ENSMUSG00000024897,Apba1,2.0962270427076506,0.4470962418203295,0.713781337860049
ENSMUSG00000039852,Rere,4.2338217538102905,0.44676442453108445,0.7138781042908365
ENSMUSG00000027365,Trpm7,1.474120952613767,0.4450517436749063,0.715899199610601
ENSMUSG00000022607,Ptk2,3.6989590156519947,0.43852945017955647,0.7223636029739505
ENSMUSG00000049076,Acap2,2.5361562854466753,0.4382507675577335,0.7224120810203283
ENSMUSG00000032411,Tfdp2,1.0042266680245253,0.4379577635951545,0.723075506106778
ENSMUSG00000038486,Sv2a,1.193563304140055,0.43660787584905736,0.7242394281345439
ENSMUSG00000022770,Dlg1,3.3799506497598624,0.43483564591672175,0.7250716177601354
ENSMUSG00000032383,Ppib,1.4311622200497394,0.4325614971314323,0.7278284890883037
ENSMUSG00000027433,Xrn2,1.0927959067676443,0.43015719426732124,0.7306230831182207
ENSMUSG00000005886,Ncoa2,1.8244202471636477,0.4279754816552982,0.7328037991612169
ENSMUSG00000022255,Mtdh,1.858628126797966,0.4275679772075881,0.7334836533428162
ENSMUSG00000036501,Fam13b,1.0018400717709681,0.4270543042917636,0.7345055320668448
ENSMUSG00000024750,Zfand5,1.6361443204941435,0.42594594923399987,0.7352085795214834
ENSMUSG00000060261,Gtf2i,1.2800111239911232,0.42569750783978677,0.7355425299533845
ENSMUSG00000006191,Cdkal1,1.1068503069274804,0.42353661471740983,0.7383159577563765
ENSMUSG00000023175,Bsg,1.8371487605159522,0.4212561196630645,0.7425451068127938
ENSMUSG00000028809,Srrm1,1.591859701122584,0.4170827064772493,0.7449551042030008
ENSMUSG00000020716,Nf1,1.7316081706364272,0.4138724597347529,0.7482146157649724
ENSMUSG00000033423,Eri3,1.0013097170479555,0.4132503524578778,0.749072879060997
ENSMUSG00000059208,Hnrnpm,1.1360198166931783,0.4080551197362683,0.7550010923308336
ENSMUSG00000029635,Cdk8,1.9551526863862754,0.4042300938758975,0.7595465858419368
ENSMUSG00000056185,Snx32,1.2601228218781473,0.4041563572138197,0.7596942586206594
ENSMUSG00000032216,Nedd4,1.6271282902029276,0.39887958045885613,0.7658650331273924
ENSMUSG00000039278,Pcsk1n,2.699240362773077,0.39518492696145424,0.7696859306338242
ENSMUSG00000011752,Pgam1,1.040290789189388,0.39177284163640963,0.7741864131618239
ENSMUSG00000040270,Bach2,1.242886293380235,0.3899240865240093,0.7753894117630787
ENSMUSG00000027782,Kpna4,1.2025793344312707,0.38610771393805776,0.7795695827067041
ENSMUSG00000028842,Ago3,1.6783075209736522,0.3844201168962557,0.7808374225114348
ENSMUSG00000028820,Sfpq,1.4926833679192113,0.38315995245839596,0.78203570556319
ENSMUSG00000027770,Dhx36,1.2521675010329572,0.3825932482175731,0.7826504751337191
ENSMUSG00000099083,Atf7,1.110297612627063,0.3809165817413875,0.7843837729012675
ENSMUSG00000020738,Sumo2,1.2572058709015776,0.37405870589253903,0.7925237883950271
ENSMUSG00000027546,Atp9a,1.2147774930605626,0.3677861067902136,0.7994759419912003
ENSMUSG00000020069,Hnrnph3,1.340736739776076,0.3666250830796614,0.80065521360783
ENSMUSG00000030313,Dennd5b,1.7255090913217814,0.36157557680053726,0.8067844165752086
ENSMUSG00000054611,Kdm2a,1.022523905968463,0.3614988369691141,0.8071097797790104
ENSMUSG00000038535,Zfp280d,1.6594799283067017,0.3601466254222517,0.8083303607288355
ENSMUSG00000038143,Stox2,1.4481335711861454,0.36014309922986354,0.808513957359249
ENSMUSG00000042390,Gatad2b,1.1044637106739235,0.3583566842168657,0.8101012624523619
ENSMUSG00000032826,Ank2,13.66273319689137,0.35027745357387285,0.818486545650857
ENSMUSG00000024811,Tnks2,1.0267667437525645,0.35016637179859056,0.8193202365510586
ENSMUSG00000029629,Phf14,1.3677848306497231,0.34911890597910433,0.8204315471249563
ENSMUSG00000035623,Rsf1,1.0283578079216027,0.34416827648601334,0.8262671664945926
ENSMUSG00000022205,Sub1,1.0959780351057204,0.3440182257819079,0.8264511032221783
ENSMUSG00000030096,Slc6a6,1.0211980191609313,0.3397325923158231,0.8315289607839482
ENSMUSG00000022199,Slc22a17,1.4637790355150198,0.3385676614923645,0.8322922237048243
ENSMUSG00000027620,Rbm39,4.7917549224196385,0.335221835351188,0.8353383897722817
ENSMUSG00000020859,Spag9,3.080035053896187,0.33400800770426353,0.8366342331022102
ENSMUSG00000021843,Ktn1,3.0962108729480744,0.33031918634283386,0.8400401613105598
ENSMUSG00000085715,Tsix,1.6801637625041965,0.3287985526054397,0.8415534639085113
ENSMUSG00000030246,Ldhb,1.3327814189308858,0.3260501533920722,0.8446334018895566
ENSMUSG00000039159,Ube2h,1.0824539896688967,0.3255534567707595,0.8451864251665563
ENSMUSG00000005034,Prkacb,1.4513156995242216,0.3243954973614842,0.8462086968788464
ENSMUSG00000030779,Rbbp6,1.1039333559509106,0.3217229215277736,0.848956187222882
ENSMUSG00000036371,Serbp1,1.356912558827963,0.3209276535233314,0.8492074611263016
ENSMUSG00000024483,Ankhd1,1.0405559665508943,0.3208724794707782,0.8493960934460112
ENSMUSG00000020321,Mdh1,2.108160023975436,0.3192892292262356,0.8510200715744319
ENSMUSG00000015709,Arnt2,1.6167863731041803,0.31675654443321904,0.8541311619894845
ENSMUSG00000061136,Prpf40a,1.005552554832057,0.31639254905038916,0.8545609338818344
ENSMUSG00000028410,Dnaja1,1.4359354125568535,0.31618177954976634,0.8545609338818344
ENSMUSG00000064138,Fam172a,1.9890953886590874,0.3129928342121687,0.857290127613345
ENSMUSG00000040433,Zbtb38,1.1657196811818888,0.30959416510681176,0.8609935542313858
ENSMUSG00000024462,Gabbr1,1.7647553408247203,0.3048285545994198,0.8651573344800101
ENSMUSG00000026812,Tsc1,1.0050222001090443,0.30459622681529414,0.8657548743803087
ENSMUSG00000028134,Ptbp2,1.0323354683441979,0.2994249974609585,0.8711223407501846
ENSMUSG00000038665,Dgki,4.901273172721758,0.29287075625806214,0.8768438004012333
ENSMUSG00000025019,Lcor,1.2123908968070054,0.2886432255897128,0.8822942012701328
ENSMUSG00000032740,Ccdc88a,2.3118162376123084,0.2842166913676366,0.8862032388492511
ENSMUSG00000019370,Calm3,1.06627817061701,0.28287331854383907,0.8881407496515051
ENSMUSG00000036712,Cyld,1.1625375528438127,0.28112745164534214,0.8902040021098203
ENSMUSG00000086503,Xist,8.654858724844061,0.27998814257056814,0.8905829068034768
ENSMUSG00000059586,Nsmce2,1.1948891909475867,0.27646784913526173,0.8956096205431129
ENSMUSG00000026004,Kansl1l,1.7618383898481504,0.27620597997615715,0.8956727622142031
ENSMUSG00000032532,Cck,2.912708138785684,0.27439988191531484,0.8977935087651728
ENSMUSG00000021488,Nsd1,2.0537986648666355,0.27229615967028253,0.8997094430994096
ENSMUSG00000071424,Grid2,5.798103009336215,0.2701470224537683,0.9017675980460893
ENSMUSG00000022995,Enah,1.9076859386766398,0.26976529356787216,0.9025267611437318
ENSMUSG00000022858,Tra2b,1.0352524193207675,0.2666050328210066,0.9061231928694609
ENSMUSG00000048388,Fam171b,1.7918034316983673,0.26574947566957197,0.9064643322033294
ENSMUSG00000040225,Prrc2c,1.7790749183460628,0.26330170044683276,0.9089736114360618
ENSMUSG00000039195,1110008P14Rik,1.056466608241275,0.26197301894962755,0.9106351947311915
ENSMUSG00000058317,Ube2e2,6.908135444601771,0.2565332651210257,0.9152751310122448
ENSMUSG00000051451,Crebzf,1.3208484376631002,0.2555590723350031,0.9165477469320461
ENSMUSG00000021910,Nisch,1.3860820685936608,0.25569281070704586,0.9165477469320461
ENSMUSG00000004535,Tax1bp1,1.1015467596973536,0.2543271886968438,0.917788479763592
ENSMUSG00000022762,Ncam2,6.5681780671506385,0.25393321983042183,0.917788479763592
ENSMUSG00000036469,March1,5.198271817608864,0.2529775627300306,0.9188003330561222
ENSMUSG00000034868,Myl12b,1.011651634146703,0.25215572969501254,0.9203273930452319
ENSMUSG00000048874,Phf3,1.6226202750573198,0.24882258356979936,0.9230885870254906
ENSMUSG00000055430,Nap1l5,1.473325420529248,0.24838801811930405,0.9235447001065226
ENSMUSG00000020680,Taf15,1.1293903826555198,0.2456387191061093,0.9261241035021714
ENSMUSG00000042757,Tmem108,1.9967855321427714,0.24523675676270873,0.926359492402332
ENSMUSG00000029238,Clock,1.090409310514087,0.24475016801731206,0.9270556214540916
ENSMUSG00000031592,Pcm1,1.8164649263184574,0.2433943226111921,0.9281221679526106
ENSMUSG00000051285,Pcmtd1,1.4929485452807176,0.24161474935092225,0.9298234536120704
ENSMUSG00000024121,Atp6v0c,5.216569055552802,0.23865659647238147,0.9327548539812757
ENSMUSG00000073725,Lmbrd1,1.2439470028262605,0.2376756245227004,0.934088595411357
ENSMUSG00000032407,U2surp,1.2054962854078406,0.23615153202395753,0.9357567791382471
ENSMUSG00000029223,Uchl1,1.329068935869797,0.23420150634079273,0.9380441199302857
ENSMUSG00000037475,Thoc2,1.030214049452147,0.2306953357956861,0.9418889881731612
ENSMUSG00000025224,Gbf1,1.0705210084011114,0.22930233367023267,0.9433715055942581
ENSMUSG00000025261,Huwe1,1.502494930294946,0.2230181667555718,0.9511501508947082
ENSMUSG00000019841,Rev3l,1.319787728217075,0.2215861040555638,0.9524362120697685
ENSMUSG00000028484,Psip1,1.6915663890489694,0.21518781145048105,0.9583217002592979
ENSMUSG00000004637,Wwox,2.0614888083503193,0.2108487542991696,0.9630462269469385
ENSMUSG00000033066,Gas7,1.691301211687463,0.21088569669883717,0.9630462269469385
ENSMUSG00000039197,Adk,1.2070873495768786,0.2099776520493829,0.9642116654590815
ENSMUSG00000069729,Arid1b,1.738237604674086,0.2073954606450592,0.9666808357332162
ENSMUSG00000020994,Pnn,1.4133953368288144,0.20546425851147626,0.9687896214192172
ENSMUSG00000028580,Pum1,1.201253447623739,0.201003127296133,0.9732919783222396
ENSMUSG00000032212,Sltm,1.407031080152662,0.19496907333641628,0.9787702812434537
ENSMUSG00000024576,Csnk1a1,2.072095902810573,0.19042892159319524,0.9825522307124719
ENSMUSG00000031840,Rab3a,1.4510505221627152,0.18879762389597693,0.9843515914078845
ENSMUSG00000014602,Kif1a,1.2882316221978198,0.18545522887330942,0.9874771549686095
ENSMUSG00000036893,Ehmt1,1.0426773854429452,0.18061263591724108,0.9923518549571079
ENSMUSG00000041685,Fcho2,1.0272970984755772,0.17907305212829303,0.9940889421998043
ENSMUSG00000035649,Zcchc7,3.6056165844017616,0.1760111352110003,0.9966550514206862
ENSMUSG00000054428,Atpif1,1.553408983704164,0.17648589691454702,0.9966550514206862
ENSMUSG00000042686,Jph1,1.118783288195266,0.08012457866959904,1
ENSMUSG00000025982,Sf3b1,1.6387960941092068,0.1529597906926704,1
ENSMUSG00000026219,Trip12,1.328273403785278,0.11234754211488862,1
ENSMUSG00000026349,Ccnt2,1.0954476803827076,0.13229200179919418,1
ENSMUSG00000006005,Tpr,1.623415807141839,0.1074107847650061,1
ENSMUSG00000015829,Tnr,3.3677524911305707,0.10843420117300684,1
ENSMUSG00000026657,Frmd4a,5.858033093036648,0.11336874531908192,1
ENSMUSG00000035437,Rabgap1,1.5836392029158872,0.08324464612823024,1
ENSMUSG00000027002,Nckap1,1.6422433998087893,0.165085840941525,1
ENSMUSG00000058318,Phf21a,1.4754468394212987,0.12733498983337316,1
ENSMUSG00000027189,Trim44,1.1381412355852292,0.013796467327662348,1
ENSMUSG00000027523,Gnas,2.4714530092391276,0.03429105102039154,1
ENSMUSG00000029064,Gnb1,1.388468664847218,0.1484823132412349,1
ENSMUSG00000000600,Krit1,1.258266580347603,0.09923370593916506,1
ENSMUSG00000043940,Wdfy3,1.501699398210427,0.10215439203705334,1
ENSMUSG00000049606,Zfp644,1.2394389876806526,0.10282895384730575,1
ENSMUSG00000029823,Luc7l2,4.380730012084805,0.16521432909483735,1
ENSMUSG00000029817,Tra2a,2.283972614654142,0.16719052683084934,1
ENSMUSG00000034312,Iqsec1,2.349206245584703,0.09000453066498881,1
ENSMUSG00000034269,Setd5,1.1853428059333584,0.0384562101320888,1
ENSMUSG00000102252,Snrpn,1.420820302950992,0.08049898636046576,1
ENSMUSG00000030557,Mef2a,1.3420626265836078,0.053214373644161816,1
ENSMUSG00000035354,Uvrag,1.072642427293162,0.07818884702432896,1
ENSMUSG00000038371,Sbf2,1.8673789797276754,0.07821834705042174,1
ENSMUSG00000004319,Clcn3,1.4080917895986875,0.12850187492718002,1
ENSMUSG00000001472,Tcf25,2.4478522240650626,0.10452014215354333,1
ENSMUSG00000059495,Arhgef12,1.1545822319986223,0.016974576773063604,1
ENSMUSG00000037112,Sik2,1.0569969629642877,0.14055326245176286,1
ENSMUSG00000034007,Scaper,1.3457751096446966,0.10723928827167595,1
ENSMUSG00000025234,Arih1,1.5751535273476842,0.15945534430063873,1
ENSMUSG00000034252,Senp6,1.2004579155392199,0.10176830961569489,1
ENSMUSG00000032253,Phip,1.0092650378931458,0.05373375876327067,1
ENSMUSG00000032580,Rbm5,1.504881526548503,0.08474489033662425,1
ENSMUSG00000032525,Nktr,2.0397442647067994,0.10839746530386285,1
ENSMUSG00000097736,9530059O14Rik,1.9519705580481992,0.11439475550709077,1
ENSMUSG00000047036,Zfp445,1.1654545038203825,0.0644972855134767,1
ENSMUSG00000056073,Grik2,5.225054731121005,0.03513496071256306,1
ENSMUSG00000061904,Slc25a3,1.606444456005433,0.006541125632457234,1
ENSMUSG00000055531,Cpsf6,1.0198721323533997,0.12413250146314052,1
ENSMUSG00000020457,Drg1,1.0707861857626177,0.015215818610682122,1
ENSMUSG00000042302,Ehbp1,1.6616013471987525,0.10061033729438751,1
ENSMUSG00000020315,Sptbn1,2.6403709885186686,0.019404297669633364,1
ENSMUSG00000049470,Aff4,1.224323878074791,0.07446398145972785,1
ENSMUSG00000004798,Ulk2,1.0466550458655404,0.0055371172342755515,1
ENSMUSG00000003119,Cdk12,1.4582103109233864,0.15302050589131438,1
ENSMUSG00000034621,Gpatch8,3.2680458032041853,0.05468027245837859,1
ENSMUSG00000035954,Dock4,2.8050461300141083,0.04147902203532339,1
ENSMUSG00000060073,Psma3,1.3935070347158385,0.01679431668461634,1
ENSMUSG00000021114,Atp6v1d,1.0477157553115657,0.13404825987840815,1
ENSMUSG00000021124,Vti1b,1.2110650099994738,0.12549222594246534,1
ENSMUSG00000010608,Rbm25,2.1333518733185386,0.05937328704036515,1
ENSMUSG00000018707,Dync1h1,1.0365783061282994,0.12592509078476277,1
ENSMUSG00000032621,Srek1,1.5504920327275942,0.019683145937984037,1
ENSMUSG00000021832,Psmc6,1.0951825030212012,0.15032319637189523,1
ENSMUSG00000022185,Acin1,1.22511941015931,0.05503452008353951,1
ENSMUSG00000022194,Pabpn1,1.7318733479979336,0.09766704574863494,1
ENSMUSG00000056258,Kcnq3,5.150805069899229,0.023277998454754645,1
ENSMUSG00000022521,Crebbp,1.2426211160187286,0.03482727408161451,1
ENSMUSG00000022822,Abcc5,1.2895575090053515,0.07476161922381763,1
ENSMUSG00000023826,Prkn,3.656265460449473,0.1538932380866691,1
ENSMUSG00000061665,Cd2ap,1.0665433479785162,0.09482970777116884,1
ENSMUSG00000024097,Srsf7,1.371497313710812,0.1015050705109532,1
ENSMUSG00000024290,Rock1,1.3606250418890518,0.10882136685718669,1
ENSMUSG00000024302,Dtna,2.2038890514792264,0.12816165379090916,1
ENSMUSG00000024277,Mapre2,1.5446581307744547,0.1129007971479985,1
ENSMUSG00000037416,Dmxl1,1.3765356835794325,0.13396156667271536,1
